,ID,Q1,Q2,Q3,Q4,Q5,MBTI
0,0,4,5,2,5,3,8
1,1,5,5,1,4,4,14
2,2,3,2,2,2,5,11
3,3,4,2,3,2,4,3
4,4,4,1,5,2,1,6
5,5,1,1,5,3,5,2
6,6,4,2,3,5,3,2
7,7,2,2,1,1,2,6
8,8,1,5,5,4,3,13
9,9,1,5,1,1,4,1
10,10,3,3,3,2,2,16
11,11,4,4,3,5,5,8
12,12,2,5,1,1,4,15
13,13,5,2,3,2,5,2
14,14,4,5,2,2,5,15
15,15,1,4,4,5,5,15
16,16,5,3,4,5,3,10
17,17,3,2,3,1,1,16
18,18,4,5,1,5,2,3
19,19,5,1,5,3,2,3
20,20,1,1,1,3,1,1
21,21,4,2,5,5,4,10
22,22,2,2,2,4,3,10
23,23,5,3,5,3,4,12
24,24,1,1,3,1,2,15
25,25,5,1,1,4,1,10
26,26,5,2,3,2,5,16
27,27,5,1,5,5,3,4
28,28,5,2,4,2,1,7
29,29,3,4,3,5,1,10
30,30,3,3,5,1,1,8
31,31,2,4,1,1,3,15
32,32,4,1,3,3,3,11
33,33,2,3,4,5,2,8
34,34,2,2,4,3,1,13
35,35,5,1,4,3,2,8
36,36,3,2,3,3,1,6
37,37,2,4,1,1,2,10
38,38,2,4,1,1,5,4
39,39,4,5,5,4,1,2
40,40,4,1,4,2,5,9
41,41,4,5,5,4,3,9
42,42,4,4,2,3,5,4
43,43,3,2,4,1,1,8
44,44,3,2,3,3,3,8
45,45,3,1,4,5,2,11
46,46,4,5,4,1,3,11
47,47,1,2,4,2,3,16
48,48,5,4,5,4,4,6
49,49,3,3,1,5,1,4
50,50,4,4,3,1,1,9
51,51,4,2,3,3,5,16
52,52,3,3,5,2,2,4
53,53,5,2,3,2,5,12
54,54,5,3,2,1,1,6
55,55,3,1,5,1,1,2
56,56,4,4,3,1,2,12
57,57,2,1,1,3,4,8
58,58,2,1,1,4,4,7
59,59,2,2,2,3,5,1
60,60,2,1,4,4,2,10
61,61,4,2,4,3,3,12
62,62,2,5,5,2,5,13
63,63,5,1,5,5,3,13
64,64,3,2,5,2,4,9
65,65,3,2,3,5,1,10
66,66,1,4,4,5,3,16
67,67,2,5,2,2,1,10
68,68,5,1,1,5,5,2
69,69,2,2,4,5,2,7
70,70,4,3,5,1,1,11
71,71,5,2,3,3,3,8
72,72,2,2,1,2,2,13
73,73,4,2,2,3,1,13
74,74,3,4,2,5,3,13
75,75,4,1,5,5,5,6
76,76,5,5,4,1,5,2
77,77,3,1,4,2,1,8
78,78,2,3,2,5,3,9
79,79,1,4,3,4,4,3
80,80,2,4,3,3,4,2
81,81,3,3,2,1,2,4
82,82,3,5,1,2,4,11
83,83,2,1,1,4,2,6
84,84,3,4,5,1,4,14
85,85,1,4,5,5,5,12
86,86,4,5,3,5,3,8
87,87,4,3,4,1,2,16
88,88,2,5,5,1,5,10
89,89,4,2,2,4,1,8
90,90,2,1,4,3,1,10
91,91,2,5,1,1,5,2
92,92,5,5,1,3,4,14
93,93,4,3,5,4,2,2
94,94,5,1,3,2,3,3
95,95,1,2,1,1,5,6
96,96,4,3,1,2,4,1
97,97,3,4,4,5,1,12
98,98,2,4,2,1,3,9
99,99,4,4,1,2,5,13
100,100,2,1,1,4,2,11
101,101,5,2,2,2,1,3
102,102,1,2,2,3,1,2
103,103,3,5,2,2,1,7
104,104,5,4,4,1,3,5
105,105,3,3,1,4,4,4
106,106,5,3,4,1,5,16
107,107,2,4,2,2,1,10
108,108,4,2,3,1,1,10
109,109,2,2,2,1,1,5
110,110,3,5,1,1,1,8
111,111,2,2,4,2,3,16
112,112,5,2,2,3,3,12
113,113,3,2,1,4,3,9
114,114,3,3,4,1,4,14
115,115,5,5,5,4,2,4
116,116,4,5,2,4,4,16
117,117,3,2,5,3,3,11
118,118,4,2,5,5,5,9
119,119,2,2,3,2,2,12
120,120,1,2,5,2,4,16
121,121,4,2,3,3,5,14
122,122,2,2,3,2,5,15
123,123,5,3,4,5,1,1
124,124,1,1,5,2,2,16
125,125,5,2,5,2,5,16
126,126,3,5,1,5,1,9
127,127,3,5,4,3,3,10
128,128,1,1,5,2,2,4
129,129,2,2,2,2,2,14
130,130,1,1,3,2,5,8
131,131,1,2,1,5,3,12
132,132,4,2,4,2,2,7
133,133,3,4,1,3,2,8
134,134,1,3,3,4,2,14
135,135,4,3,4,5,3,14
136,136,1,5,1,2,3,12
137,137,3,1,1,5,4,10
138,138,1,3,4,5,3,7
139,139,4,4,5,2,3,2
140,140,2,1,1,4,4,5
141,141,2,3,1,4,3,12
142,142,2,5,2,5,5,14
143,143,1,4,3,4,5,7
144,144,3,1,3,3,3,16
145,145,2,2,4,5,2,11
146,146,5,3,2,1,2,7
147,147,1,5,3,4,4,15
148,148,1,3,2,3,5,12
149,149,1,5,4,4,4,2
150,150,1,3,3,4,1,6
151,151,5,1,2,2,5,7
152,152,1,5,1,4,5,9
153,153,3,2,2,4,1,14
154,154,3,1,4,3,4,9
155,155,2,5,4,1,1,2
156,156,1,3,4,1,4,7
157,157,2,3,3,3,4,9
158,158,5,1,1,5,3,2
159,159,4,3,5,5,2,3
160,160,1,1,2,5,2,2
161,161,1,3,3,5,1,8
162,162,2,5,2,4,1,8
163,163,4,5,3,1,3,9
164,164,3,1,1,3,5,10
165,165,1,2,3,1,1,8
166,166,3,3,3,1,2,4
167,167,2,2,5,4,2,12
168,168,5,2,1,5,2,1
169,169,1,4,3,1,2,3
170,170,3,2,5,3,3,10
171,171,4,4,2,3,5,4
172,172,3,4,2,1,5,16
173,173,1,5,1,1,5,13
174,174,3,3,1,3,3,15
175,175,5,4,3,1,5,2
176,176,3,1,5,2,3,8
177,177,2,4,1,3,1,14
178,178,3,3,2,4,4,5
179,179,3,4,3,3,1,8
180,180,3,4,1,1,5,14
181,181,1,2,5,2,1,10
182,182,2,3,3,3,5,6
183,183,3,2,1,4,5,11
184,184,5,2,4,1,3,8
185,185,4,2,2,3,4,11
186,186,1,5,4,2,2,12
187,187,2,3,1,1,5,9
188,188,1,5,4,2,1,2
189,189,1,3,4,5,4,14
190,190,4,4,2,2,4,5
191,191,5,2,5,3,3,1
192,192,1,1,3,3,3,13
193,193,3,2,2,1,4,8
194,194,1,2,3,5,2,4
195,195,2,4,5,3,1,8
196,196,3,5,4,1,2,11
197,197,5,4,5,1,1,5
198,198,2,1,3,2,2,2
199,199,3,4,3,1,1,9
200,200,3,4,4,3,3,10
201,201,1,4,4,3,1,10
202,202,2,4,2,5,1,9
203,203,5,4,2,4,2,5
204,204,4,2,4,5,2,11
205,205,1,1,2,1,4,3
206,206,2,4,5,5,5,12
207,207,3,1,5,2,4,10
208,208,3,4,5,4,5,7
209,209,5,1,3,3,1,2
210,210,4,5,2,2,1,11
211,211,1,1,1,2,4,16
212,212,2,5,3,4,3,7
213,213,1,2,3,1,3,12
214,214,3,1,1,3,1,13
215,215,3,4,5,3,5,9
216,216,4,1,5,3,3,6
217,217,4,1,1,4,2,2
218,218,1,3,4,5,3,12
219,219,1,2,5,4,5,15
220,220,3,2,5,2,1,4
221,221,5,4,5,2,1,7
222,222,4,2,1,1,3,9
223,223,2,3,3,5,4,15
224,224,4,4,3,4,5,1
225,225,1,3,4,2,2,10
226,226,4,1,2,4,4,5
227,227,5,1,3,3,5,15
228,228,4,4,3,1,4,11
229,229,2,3,2,1,1,4
230,230,2,4,5,2,5,9
231,231,2,4,5,5,3,8
232,232,4,2,2,3,3,12
233,233,3,3,5,4,5,3
234,234,3,2,1,1,5,10
235,235,5,1,5,1,5,14
236,236,4,2,4,4,5,6
237,237,1,5,5,2,5,5
238,238,1,3,1,1,5,8
239,239,3,2,5,4,4,3
240,240,1,3,2,5,1,7
241,241,5,1,3,5,3,9
242,242,5,3,5,4,5,1
243,243,5,5,1,4,1,3
244,244,5,5,5,3,4,3
245,245,2,3,4,4,5,8
246,246,5,2,1,4,4,13
247,247,4,1,3,5,2,8
248,248,5,4,3,2,2,15
249,249,1,2,4,5,3,2
250,250,2,5,5,2,4,6
251,251,1,2,4,4,3,13
252,252,5,4,5,2,4,14
253,253,2,1,4,2,5,3
254,254,1,1,2,2,5,7
255,255,1,2,2,5,1,10
256,256,4,4,1,2,3,6
257,257,4,5,2,3,2,9
258,258,4,2,1,5,1,12
259,259,5,4,3,3,2,10
260,260,2,5,4,3,5,14
261,261,2,3,5,4,1,16
262,262,2,4,5,4,2,9
263,263,5,3,5,5,2,4
264,264,3,1,5,5,1,14
265,265,4,2,3,3,3,12
266,266,4,5,2,2,4,11
267,267,1,3,1,3,2,5
268,268,2,1,5,3,5,6
269,269,5,3,5,4,1,9
270,270,1,3,5,5,1,13
271,271,4,4,4,4,3,5
272,272,4,3,1,3,1,1
273,273,1,1,4,2,4,1
274,274,4,1,3,1,2,2
275,275,2,2,3,5,4,8
276,276,3,4,1,2,3,10
277,277,4,1,5,4,3,7
278,278,5,4,1,4,1,2
279,279,5,1,3,2,1,11
280,280,1,1,1,2,1,2
281,281,5,5,2,4,4,5
282,282,2,4,5,1,3,2
283,283,4,3,4,3,2,16
284,284,3,4,5,5,5,3
285,285,5,3,2,2,1,4
286,286,3,4,4,5,4,9
287,287,3,4,5,5,1,15
288,288,3,5,2,3,2,8
289,289,1,4,5,5,1,15
290,290,2,3,2,2,4,16
291,291,3,4,5,4,5,6
292,292,1,5,4,3,2,4
293,293,1,5,2,2,2,1
294,294,1,3,3,3,3,6
295,295,2,2,2,5,4,2
296,296,4,5,3,3,4,10
297,297,5,4,2,1,4,14
298,298,5,5,3,1,5,5
299,299,5,5,1,4,5,5
300,300,1,1,2,5,3,7
301,301,4,2,2,2,3,15
302,302,3,2,4,5,1,3
303,303,5,2,1,2,5,15
304,304,5,1,3,3,4,4
305,305,1,3,1,5,2,15
306,306,2,4,1,4,3,5
307,307,5,1,3,3,2,14
308,308,4,4,2,5,2,12
309,309,1,4,4,1,3,1
310,310,5,1,2,4,1,13
311,311,5,1,3,2,1,10
312,312,3,4,1,2,2,4
313,313,4,1,1,4,5,9
314,314,3,4,2,5,3,2
315,315,1,3,4,5,3,5
316,316,5,3,4,3,5,2
317,317,4,5,5,2,3,9
318,318,4,5,5,2,5,12
319,319,3,5,3,1,3,6
320,320,4,2,3,1,1,7
321,321,4,5,3,3,1,2
322,322,3,2,4,3,2,15
323,323,2,1,5,2,2,16
324,324,5,1,1,1,2,13
325,325,3,1,5,5,3,8
326,326,2,3,1,5,5,16
327,327,1,4,4,3,4,16
328,328,2,4,1,4,1,13
329,329,2,2,4,1,2,14
330,330,1,4,5,5,5,16
331,331,3,1,5,1,5,6
332,332,2,5,3,1,3,13
333,333,1,5,5,2,3,7
334,334,5,5,5,5,2,12
335,335,5,4,5,2,4,2
336,336,3,4,1,5,1,9
337,337,3,1,3,1,3,3
338,338,2,4,2,5,4,14
339,339,3,5,5,5,1,10
340,340,2,1,1,1,1,15
341,341,1,4,4,5,4,8
342,342,5,1,2,2,1,5
343,343,2,1,5,1,2,8
344,344,3,3,4,4,4,4
345,345,4,2,5,5,3,4
346,346,3,3,1,5,3,15
347,347,4,2,1,3,3,7
348,348,1,3,4,5,4,11
349,349,4,4,5,1,5,8
350,350,2,2,3,4,5,2
351,351,2,3,5,5,1,2
352,352,2,4,3,3,5,12
353,353,4,5,1,4,5,5
354,354,1,1,2,2,3,9
355,355,2,1,1,3,2,12
356,356,4,3,2,1,4,3
357,357,5,2,4,1,2,16
358,358,4,4,5,5,3,9
359,359,2,5,4,5,3,10
360,360,3,3,2,2,1,3
361,361,5,2,4,3,3,11
362,362,3,3,2,5,1,1
363,363,2,3,4,1,3,6
364,364,1,1,2,2,3,1
365,365,4,1,2,2,4,9
366,366,1,5,5,1,4,14
367,367,5,3,5,4,4,12
368,368,3,5,2,4,3,15
369,369,4,2,5,4,1,13
370,370,1,4,1,2,4,11
371,371,3,2,3,4,2,2
372,372,4,3,5,5,5,12
373,373,4,2,4,3,5,13
374,374,1,5,2,5,1,5
375,375,2,2,3,1,2,2
376,376,5,2,1,3,3,10
377,377,3,4,5,1,5,15
378,378,3,2,3,1,4,5
379,379,5,5,3,3,4,6
380,380,3,3,3,3,2,2
381,381,4,1,5,1,5,13
382,382,2,5,2,1,3,15
383,383,1,3,4,4,1,14
384,384,3,1,1,5,1,7
385,385,5,5,4,1,4,8
386,386,3,4,5,5,3,9
387,387,2,1,3,1,2,15
388,388,5,2,1,3,1,7
389,389,5,3,2,5,2,15
390,390,4,2,5,5,3,4
391,391,2,3,5,5,2,2
392,392,4,3,3,2,5,11
393,393,2,3,4,4,4,8
394,394,2,2,5,1,5,2
395,395,3,4,3,3,4,9
396,396,1,2,4,4,5,1
397,397,3,1,1,1,3,11
398,398,1,2,4,3,2,6
399,399,3,3,2,4,2,10
400,400,2,4,1,4,2,7
401,401,5,1,3,4,5,4
402,402,3,5,1,2,5,3
403,403,2,2,5,3,3,14
404,404,1,1,2,3,3,15
405,405,2,3,4,2,2,8
406,406,5,3,4,3,4,16
407,407,3,5,5,3,4,6
408,408,1,5,5,2,5,2
409,409,2,5,1,3,4,12
410,410,2,2,2,1,3,4
411,411,2,4,2,3,2,13
412,412,2,4,4,4,4,12
413,413,5,3,2,5,4,1
414,414,3,2,4,1,1,8
415,415,4,3,4,4,1,5
416,416,2,3,2,2,5,2
417,417,1,4,1,1,5,13
418,418,5,1,2,1,5,11
419,419,3,5,3,4,5,4
420,420,1,3,3,3,4,12
421,421,4,1,5,5,2,3
422,422,2,4,1,1,4,4
423,423,3,2,4,4,2,12
424,424,5,4,1,1,5,13
425,425,2,1,5,1,2,14
426,426,1,5,3,5,2,13
427,427,4,2,3,2,5,5
428,428,3,3,4,2,1,1
429,429,2,2,2,3,2,10
430,430,3,1,3,1,1,3
431,431,2,3,3,3,2,11
432,432,1,1,5,3,1,2
433,433,5,3,3,3,1,2
434,434,3,3,1,2,5,10
435,435,4,2,3,5,2,5
436,436,5,2,2,2,3,2
437,437,4,5,5,3,1,16
438,438,5,4,2,2,4,11
439,439,2,4,2,5,4,2
440,440,2,3,4,3,1,13
441,441,4,3,3,4,1,12
442,442,5,5,5,3,3,12
443,443,1,2,2,3,2,11
444,444,3,2,3,1,2,8
445,445,5,2,3,3,2,13
446,446,2,5,2,5,4,14
447,447,5,2,1,5,1,8
448,448,3,1,1,2,2,10
449,449,3,3,4,4,2,13
450,450,1,5,3,1,3,2
451,451,4,2,1,5,4,15
452,452,3,1,1,3,4,15
453,453,3,3,3,5,1,14
454,454,4,5,5,1,5,13
455,455,3,5,2,1,3,6
456,456,5,2,3,4,1,7
457,457,4,4,2,1,4,14
458,458,2,4,3,1,2,16
459,459,4,3,3,2,5,7
460,460,2,4,2,5,2,7
461,461,2,3,5,2,1,8
462,462,2,4,1,1,5,3
463,463,4,4,3,5,5,7
464,464,4,2,2,5,3,2
465,465,3,1,1,2,5,11
466,466,4,4,1,1,3,9
467,467,2,1,3,2,1,5
468,468,1,3,4,4,1,8
469,469,4,3,1,2,4,1
470,470,4,3,2,2,5,15
471,471,1,1,2,3,3,12
472,472,4,4,4,3,3,16
473,473,1,5,1,3,4,10
474,474,1,5,5,2,5,14
475,475,5,4,5,1,5,4
476,476,1,4,3,1,4,4
477,477,1,5,2,4,2,14
478,478,3,3,2,3,4,2
479,479,4,4,5,4,5,12
480,480,5,3,5,1,4,9
481,481,3,3,2,4,5,14
482,482,1,4,2,4,4,15
483,483,5,2,4,1,3,2
484,484,5,2,2,5,3,5
485,485,1,3,2,1,1,5
486,486,3,5,2,2,3,5
487,487,3,2,3,2,1,13
488,488,2,1,5,2,2,4
489,489,5,1,2,1,2,1
490,490,5,3,4,4,2,8
491,491,2,3,3,2,5,3
492,492,3,5,4,2,3,12
493,493,5,3,4,3,1,4
494,494,4,2,3,3,5,7
495,495,4,4,3,3,5,14
496,496,4,5,3,5,2,4
497,497,3,3,3,5,4,8
498,498,3,2,2,1,1,13
499,499,5,5,1,5,1,13
500,500,3,4,5,1,3,7
501,501,1,5,4,5,4,6
502,502,5,5,4,5,2,9
503,503,2,4,5,1,1,4
504,504,5,3,2,3,4,12
505,505,5,5,2,5,5,1
506,506,2,5,5,1,5,1
507,507,2,5,3,1,5,3
508,508,4,5,2,4,5,5
509,509,4,2,5,5,5,8
510,510,3,5,3,5,1,7
511,511,1,2,2,4,5,5
512,512,4,1,1,3,2,9
513,513,3,3,5,1,5,16
514,514,5,5,5,1,4,1
515,515,4,5,2,2,3,3
516,516,2,2,5,2,4,5
517,517,2,1,2,4,4,2
518,518,4,4,2,1,1,2
519,519,2,5,5,4,1,4
520,520,4,1,3,4,1,4
521,521,5,4,5,2,4,10
522,522,3,4,4,4,4,14
523,523,3,4,5,1,4,14
524,524,1,3,4,5,4,1
525,525,3,3,1,2,4,2
526,526,4,5,1,1,4,16
527,527,3,4,1,4,5,12
528,528,4,1,5,2,3,6
529,529,2,2,3,1,3,14
530,530,5,1,5,1,4,4
531,531,5,3,4,4,3,13
532,532,2,4,2,5,5,1
533,533,3,3,1,5,4,12
534,534,3,5,1,1,2,10
535,535,2,2,5,5,2,10
536,536,1,5,5,4,2,8
537,537,3,1,1,1,2,6
538,538,2,1,1,1,3,12
539,539,4,4,1,1,4,13
540,540,2,4,3,5,1,13
541,541,2,3,3,2,4,16
542,542,1,5,5,5,5,2
543,543,5,2,4,5,1,9
544,544,1,3,2,5,1,1
545,545,5,4,2,5,5,15
546,546,4,4,5,4,5,11
547,547,4,4,3,5,3,1
548,548,5,3,4,4,2,11
549,549,5,4,1,2,4,4
550,550,2,3,2,2,5,11
551,551,4,2,3,1,4,7
552,552,4,2,1,3,4,13
553,553,2,3,1,2,5,13
554,554,1,1,2,2,2,4
555,555,5,2,4,5,4,6
556,556,1,4,5,2,2,1
557,557,2,4,5,1,4,9
558,558,2,2,1,1,3,7
559,559,5,5,3,2,3,9
560,560,2,1,4,2,3,13
561,561,3,2,5,2,4,14
562,562,1,1,5,1,3,4
563,563,2,4,5,3,1,4
564,564,2,5,3,5,4,10
565,565,1,1,5,1,4,8
566,566,4,1,1,4,3,10
567,567,1,5,2,3,3,11
568,568,3,2,5,3,3,4
569,569,4,3,1,4,5,14
570,570,5,4,4,4,4,11
571,571,1,5,1,3,3,14
572,572,3,5,2,5,5,8
573,573,2,5,4,2,4,5
574,574,3,1,2,4,5,11
575,575,4,4,2,5,3,8
576,576,2,1,4,4,3,15
577,577,2,1,2,2,1,14
578,578,2,3,4,1,1,16
579,579,1,4,2,4,5,10
580,580,2,1,5,4,5,3
581,581,2,5,3,5,4,1
582,582,1,5,5,5,5,5
583,583,2,5,1,4,1,15
584,584,3,5,1,4,5,7
585,585,1,3,3,3,2,8
586,586,4,3,2,3,2,8
587,587,1,3,1,4,3,10
588,588,2,2,3,5,1,7
589,589,1,4,4,3,4,14
590,590,3,5,1,3,1,6
591,591,2,4,1,3,4,9
592,592,2,5,3,1,1,6
593,593,3,2,1,2,3,9
594,594,3,4,4,5,4,7
595,595,4,2,1,2,1,8
596,596,1,1,5,1,4,6
597,597,5,5,2,5,1,2
598,598,4,5,2,1,3,13
599,599,3,4,5,5,2,4
600,600,1,5,5,3,1,14
601,601,4,4,1,3,5,15
602,602,3,1,5,2,2,16
603,603,4,5,2,5,5,15
604,604,4,5,5,3,3,1
605,605,4,2,5,2,4,12
606,606,3,2,1,1,3,7
607,607,3,2,4,5,4,2
608,608,3,2,3,2,4,8
609,609,1,2,3,5,2,3
610,610,1,2,1,1,4,16
611,611,5,2,2,2,2,2
612,612,4,3,2,3,5,9
613,613,4,4,3,4,5,12
614,614,4,1,5,5,2,13
615,615,5,2,3,5,4,6
616,616,1,3,4,4,5,1
617,617,5,2,3,4,5,9
618,618,4,3,4,2,2,5
619,619,4,1,4,1,5,3
620,620,4,2,3,3,4,14
621,621,4,4,1,1,5,6
622,622,4,4,3,2,5,14
623,623,4,2,1,5,3,9
624,624,5,1,2,4,4,1
625,625,2,4,5,4,2,9
626,626,3,5,4,1,3,1
627,627,5,2,4,2,4,7
628,628,4,3,2,3,5,5
629,629,2,2,1,4,2,8
630,630,3,5,1,2,5,6
631,631,3,4,4,2,1,1
632,632,5,3,1,4,2,2
633,633,3,5,1,5,5,12
634,634,5,4,2,2,3,15
635,635,5,3,3,4,1,15
636,636,4,1,3,5,5,15
637,637,2,1,5,5,2,9
638,638,4,5,4,1,2,8
639,639,1,3,4,3,4,11
640,640,5,1,2,1,2,13
641,641,5,5,4,4,3,3
642,642,4,1,2,1,5,9
643,643,3,2,4,4,4,14
644,644,1,3,4,4,5,15
645,645,3,1,2,5,5,2
646,646,1,5,4,3,5,5
647,647,3,1,2,2,4,12
648,648,3,4,3,5,4,2
649,649,4,1,5,2,5,14
650,650,2,5,1,5,3,8
651,651,4,5,5,2,1,15
652,652,3,1,2,5,2,2
653,653,1,3,4,3,1,7
654,654,3,1,2,1,1,7
655,655,4,4,2,1,3,16
656,656,4,3,5,2,4,1
657,657,1,3,3,2,4,6
658,658,1,4,5,5,4,3
659,659,4,2,1,5,4,12
660,660,2,2,5,1,2,10
661,661,1,2,4,2,1,11
662,662,3,4,4,3,5,15
663,663,2,2,1,4,2,8
664,664,2,1,4,4,4,4
665,665,5,4,5,5,3,16
666,666,4,4,4,2,4,7
667,667,3,1,1,5,4,16
668,668,4,3,3,1,2,15
669,669,5,4,4,3,3,12
670,670,3,3,5,3,4,10
671,671,3,5,3,2,5,13
672,672,5,4,3,1,4,3
673,673,4,1,5,5,2,16
674,674,2,1,2,3,1,9
675,675,3,1,4,5,2,9
676,676,3,3,2,2,4,3
677,677,4,2,5,4,5,15
678,678,4,4,4,2,4,3
679,679,2,3,5,4,1,3
680,680,2,4,4,3,1,7
681,681,1,5,4,3,4,13
682,682,4,2,4,2,1,4
683,683,1,4,2,2,5,7
684,684,4,5,2,5,4,14
685,685,4,1,5,4,5,7
686,686,5,1,1,3,1,2
687,687,4,2,1,4,5,3
688,688,1,2,3,3,1,8
689,689,5,1,2,1,3,15
690,690,4,2,3,3,1,5
691,691,4,1,3,3,2,4
692,692,3,3,2,2,3,10
693,693,4,1,3,3,4,10
694,694,1,3,3,1,1,13
695,695,2,1,3,2,1,3
696,696,3,5,1,2,2,1
697,697,1,3,1,2,5,8
698,698,1,5,4,1,2,10
699,699,1,3,1,2,1,11
700,700,3,1,5,1,3,9
701,701,4,2,5,2,1,15
702,702,3,3,4,3,4,1
703,703,4,1,5,3,3,12
704,704,4,4,5,2,3,14
705,705,3,2,1,1,2,5
706,706,4,3,2,5,5,13
707,707,5,5,5,2,4,7
708,708,5,3,4,2,2,11
709,709,3,5,4,3,2,15
710,710,4,4,1,4,3,13
711,711,3,3,3,2,2,1
712,712,2,1,2,2,3,8
713,713,1,1,3,1,5,15
714,714,1,1,4,2,2,3
715,715,3,2,4,2,5,14
716,716,2,2,3,3,3,8
717,717,4,3,4,4,4,3
718,718,2,1,2,5,2,3
719,719,2,1,3,1,5,16
720,720,2,3,2,5,3,6
721,721,2,5,2,5,5,3
722,722,1,5,4,3,1,16
723,723,4,4,5,4,1,5
724,724,1,5,3,2,4,11
725,725,1,2,3,2,1,15
726,726,4,2,1,4,5,14
727,727,4,3,2,5,1,1
728,728,1,4,1,2,2,6
729,729,5,1,5,4,2,15
730,730,1,2,3,2,2,15
731,731,3,3,5,3,1,11
732,732,2,4,5,2,2,1
733,733,2,5,1,5,3,10
734,734,4,4,1,5,2,8
735,735,3,3,1,3,3,11
736,736,5,4,5,2,1,12
737,737,5,3,5,2,1,5
738,738,4,1,2,4,2,14
739,739,2,4,5,3,5,14
740,740,4,1,4,3,5,3
741,741,4,1,3,4,1,5
742,742,3,3,5,3,2,13
743,743,5,4,4,3,1,1
744,744,5,2,2,5,2,9
745,745,2,2,5,5,2,11
746,746,1,2,3,1,3,10
747,747,3,2,5,5,5,5
748,748,3,2,3,4,3,8
749,749,5,3,5,2,3,15
750,750,1,5,1,3,4,10
751,751,4,2,4,5,2,16
752,752,5,2,3,1,3,13
753,753,1,1,4,5,1,7
754,754,4,2,2,4,1,15
755,755,1,5,1,5,3,8
756,756,5,4,2,3,2,1
757,757,1,3,5,1,3,9
758,758,1,1,3,4,2,7
759,759,4,2,1,1,4,8
760,760,5,1,2,3,5,2
761,761,3,2,2,1,2,6
762,762,1,3,1,5,3,8
763,763,1,3,5,4,4,2
764,764,1,3,4,1,2,10
765,765,3,2,3,2,4,9
766,766,2,2,1,2,2,4
767,767,2,2,2,3,1,8
768,768,2,5,4,5,4,6
769,769,5,4,3,2,4,10
770,770,1,1,1,2,2,16
771,771,1,1,1,5,4,9
772,772,5,3,5,4,4,2
773,773,5,1,3,2,5,1
774,774,2,2,3,3,2,12
775,775,4,5,2,1,5,2
776,776,5,1,1,3,3,5
777,777,1,2,1,1,1,12
778,778,1,5,1,2,3,10
779,779,5,3,4,5,1,6
780,780,2,3,2,2,1,12
781,781,3,2,2,4,2,2
782,782,1,4,5,5,1,2
783,783,1,1,2,2,2,5
784,784,2,1,3,3,5,6
785,785,4,4,1,1,5,10
786,786,5,1,1,4,4,2
787,787,5,4,2,2,2,6
788,788,4,5,3,1,3,16
789,789,2,1,1,2,4,1
790,790,3,4,3,3,1,14
791,791,1,1,1,3,1,7
792,792,1,5,3,5,5,14
793,793,2,3,4,4,1,12
794,794,5,2,2,4,1,3
795,795,3,5,3,5,1,14
796,796,3,1,2,4,5,6
797,797,4,4,1,1,2,7
798,798,2,2,2,1,3,3
799,799,1,4,4,2,2,5
800,800,1,3,4,5,2,3
801,801,4,4,1,3,3,6
802,802,5,1,1,3,4,1
803,803,2,1,2,3,1,11
804,804,4,3,1,4,3,5
805,805,2,1,4,3,4,4
806,806,5,5,1,5,2,1
807,807,1,1,2,2,1,12
808,808,2,2,1,4,2,4
809,809,5,3,2,1,5,8
810,810,5,1,5,1,3,5
811,811,1,1,5,5,1,3
812,812,5,3,3,4,3,10
813,813,4,3,1,1,3,11
814,814,2,4,1,1,2,14
815,815,4,2,1,3,4,14
816,816,4,1,3,2,3,3
817,817,4,4,5,4,1,5
818,818,1,2,5,5,1,11
819,819,3,1,2,3,2,5
820,820,5,1,2,4,5,4
821,821,1,5,4,5,4,9
822,822,5,5,4,3,4,2
823,823,3,4,1,4,1,6
824,824,1,4,5,5,1,9
825,825,1,3,1,4,3,9
826,826,4,2,5,3,3,8
827,827,2,1,1,4,5,2
828,828,1,3,5,1,1,12
829,829,2,2,5,4,2,3
830,830,4,3,5,4,3,11
831,831,4,1,4,4,4,5
832,832,2,4,4,2,2,9
833,833,1,5,2,5,5,1
834,834,3,4,1,3,3,3
835,835,4,2,3,2,1,15
836,836,4,4,2,2,3,4
837,837,2,5,2,1,3,9
838,838,5,1,3,4,2,12
839,839,3,3,5,1,5,2
840,840,5,1,5,4,3,1
841,841,3,5,3,3,4,15
842,842,4,5,4,1,1,2
843,843,4,5,5,4,5,13
844,844,2,3,4,2,5,14
845,845,3,3,4,4,5,1
846,846,1,3,1,2,2,14
847,847,2,1,5,4,4,4
848,848,2,3,3,2,2,14
849,849,4,3,4,5,1,5
850,850,2,4,2,4,1,1
851,851,2,1,4,1,1,11
852,852,1,4,3,5,1,6
853,853,2,2,2,5,1,4
854,854,1,3,5,3,1,10
855,855,3,4,5,2,3,14
856,856,2,2,4,2,5,14
857,857,4,4,2,5,4,8
858,858,4,5,1,4,4,1
859,859,4,1,4,5,5,12
860,860,3,4,2,5,4,3
861,861,4,4,2,3,4,13
862,862,3,5,4,1,5,3
863,863,5,5,2,1,3,5
864,864,5,2,5,2,3,16
865,865,5,3,4,2,5,15
866,866,1,2,1,5,1,16
867,867,5,2,2,2,4,12
868,868,2,5,5,3,3,13
869,869,1,1,5,3,1,11
870,870,2,4,3,4,5,1
871,871,1,2,4,1,1,14
872,872,4,5,1,2,4,6
873,873,2,1,3,5,3,13
874,874,3,3,3,2,5,8
875,875,5,5,1,1,2,11
876,876,4,3,3,5,2,1
877,877,5,4,4,1,5,15
878,878,1,2,4,5,4,2
879,879,1,4,2,4,3,8
880,880,1,4,2,5,2,7
881,881,5,5,4,2,2,5
882,882,4,4,2,5,2,7
883,883,4,2,3,5,1,12
884,884,2,2,5,2,5,14
885,885,1,4,5,4,3,6
886,886,4,2,5,1,2,12
887,887,4,3,2,5,2,7
888,888,3,4,1,5,2,6
889,889,1,1,3,1,5,8
890,890,5,5,4,3,2,11
891,891,2,3,5,4,4,14
892,892,1,1,3,1,5,4
893,893,5,4,3,3,1,15
894,894,2,3,4,2,3,2
895,895,4,2,3,4,2,5
896,896,5,4,2,2,1,1
897,897,2,5,3,2,3,6
898,898,1,1,3,3,1,6
899,899,1,3,2,3,4,8
900,900,5,2,3,4,1,14
901,901,1,5,3,1,2,5
902,902,4,1,3,2,3,12
903,903,5,3,4,2,1,16
904,904,1,1,2,3,4,13
905,905,5,1,1,1,5,4
906,906,2,1,2,3,3,2
907,907,5,1,2,1,2,14
908,908,2,3,2,5,5,10
909,909,5,2,3,5,1,10
910,910,2,3,3,4,1,6
911,911,2,5,3,1,1,9
912,912,5,5,5,2,1,8
913,913,2,1,4,4,3,7
914,914,4,5,4,4,3,1
915,915,4,3,3,3,3,5
916,916,5,1,1,3,5,8
917,917,2,2,3,5,4,7
918,918,3,5,2,3,2,1
919,919,1,2,2,4,3,1
920,920,3,2,4,4,2,11
921,921,5,4,3,1,4,15
922,922,4,3,3,5,4,11
923,923,3,1,4,5,1,8
924,924,4,3,1,1,4,14
925,925,1,1,2,2,1,11
926,926,2,5,4,2,4,6
927,927,2,4,5,4,3,5
928,928,1,1,4,5,2,16
929,929,4,2,3,4,4,4
930,930,4,1,3,5,3,14
931,931,3,4,4,2,3,8
932,932,5,4,2,1,1,16
933,933,1,1,4,3,3,11
934,934,4,4,1,3,4,8
935,935,3,1,1,4,4,16
936,936,2,4,3,2,5,10
937,937,1,5,3,5,3,5
938,938,4,2,1,1,1,6
939,939,2,5,4,2,4,4
940,940,1,2,5,2,2,9
941,941,1,2,2,2,5,3
942,942,3,2,1,1,1,12
943,943,3,4,1,3,2,11
944,944,5,3,4,5,5,7
945,945,4,3,2,4,3,6
946,946,1,5,2,4,4,6
947,947,4,2,2,3,1,10
948,948,1,4,5,3,2,9
949,949,5,1,3,2,5,3
950,950,5,3,4,5,5,6
951,951,5,3,3,1,1,9
952,952,4,5,5,4,4,14
953,953,4,1,4,2,1,1
954,954,1,5,1,4,1,12
955,955,1,3,4,1,5,1
956,956,2,4,1,1,4,5
957,957,2,3,4,4,5,3
958,958,2,4,5,2,2,13
959,959,3,4,4,2,4,14
960,960,2,1,3,3,5,5
961,961,2,4,2,2,3,1
962,962,5,1,2,5,2,4
963,963,5,4,5,4,1,2
964,964,3,1,1,2,1,12
965,965,2,1,1,3,4,9
966,966,4,3,1,4,4,14
967,967,5,2,5,5,2,4
968,968,4,5,5,1,4,16
969,969,1,4,2,4,3,4
970,970,5,5,2,4,3,11
971,971,2,2,5,1,1,5
972,972,3,3,5,2,3,9
973,973,1,5,3,1,3,8
974,974,5,4,1,5,3,12
975,975,3,2,1,4,4,7
976,976,3,5,5,2,2,9
977,977,5,1,4,2,5,4
978,978,5,5,3,4,4,16
979,979,2,4,3,3,5,11
980,980,4,4,4,1,3,16
981,981,1,5,5,5,2,13
982,982,5,5,3,5,2,11
983,983,1,4,1,1,3,7
984,984,1,5,5,3,4,9
985,985,3,4,2,4,2,6
986,986,4,1,2,3,2,7
987,987,4,2,4,4,2,7
988,988,4,5,5,5,1,4
989,989,2,1,2,5,1,15
990,990,5,2,5,1,3,14
991,991,1,3,2,2,1,4
992,992,3,3,4,4,1,7
993,993,3,2,1,2,1,7
994,994,2,2,4,4,5,14
995,995,3,1,4,2,1,11
996,996,5,4,1,1,3,1
997,997,2,3,2,4,3,11
998,998,3,1,5,3,5,7
999,999,2,5,3,1,1,4
1000,1000,1,4,5,2,4,12
1001,1001,1,1,4,4,4,3
1002,1002,3,2,2,4,1,7
1003,1003,1,1,2,3,5,16
1004,1004,5,5,3,5,4,16
1005,1005,3,2,5,4,5,3
1006,1006,4,1,2,3,2,3
1007,1007,3,3,4,5,4,1
1008,1008,4,5,5,1,4,11
1009,1009,3,2,3,1,2,10
1010,1010,1,5,5,2,5,2
1011,1011,4,4,4,4,4,15
1012,1012,3,3,1,2,4,2
1013,1013,3,5,2,1,1,11
1014,1014,5,3,1,4,1,1
1015,1015,1,1,1,2,4,14
1016,1016,4,3,4,5,4,8
1017,1017,2,1,2,1,3,9
1018,1018,4,5,4,5,2,11
1019,1019,5,3,1,2,2,2
1020,1020,5,4,4,3,2,14
1021,1021,1,5,2,5,1,8
1022,1022,1,4,3,5,2,15
1023,1023,2,4,5,4,3,8
1024,1024,2,4,2,5,5,15
1025,1025,2,3,4,5,4,15
1026,1026,3,4,5,5,5,1
1027,1027,2,4,2,5,2,11
1028,1028,1,4,4,5,3,14
1029,1029,3,5,2,4,1,14
1030,1030,1,1,5,1,4,9
1031,1031,3,3,1,3,2,1
1032,1032,4,5,5,3,3,15
1033,1033,4,1,1,3,1,6
1034,1034,3,2,2,2,3,11
1035,1035,5,2,1,4,2,8
1036,1036,4,1,4,1,1,16
1037,1037,5,5,3,4,4,15
1038,1038,2,2,1,2,5,3
1039,1039,2,5,5,1,1,5
1040,1040,2,5,3,3,2,14
1041,1041,4,1,5,2,5,14
1042,1042,5,5,3,5,2,12
1043,1043,1,3,1,5,4,14
1044,1044,5,3,2,1,2,15
1045,1045,3,4,3,1,3,4
1046,1046,3,1,2,4,5,2
1047,1047,4,3,2,5,1,9
1048,1048,1,3,3,4,4,8
1049,1049,1,4,4,1,4,6
1050,1050,5,5,4,1,3,14
1051,1051,3,1,2,1,2,1
1052,1052,3,5,4,2,4,12
1053,1053,5,3,3,3,1,3
1054,1054,1,5,3,1,3,10
1055,1055,5,5,4,5,2,15
1056,1056,4,1,1,4,4,8
1057,1057,4,5,5,3,5,8
1058,1058,3,2,5,3,4,7
1059,1059,4,1,2,4,2,10
1060,1060,4,4,3,3,1,12
1061,1061,2,1,4,3,2,14
1062,1062,2,5,1,1,4,9
1063,1063,2,4,5,5,4,11
1064,1064,1,3,4,3,3,9
1065,1065,3,4,5,5,1,4
1066,1066,3,2,1,1,5,8
1067,1067,4,1,2,4,3,6
1068,1068,4,5,2,4,2,9
1069,1069,2,2,2,5,2,6
1070,1070,2,1,1,3,3,11
1071,1071,3,2,2,2,2,7
1072,1072,3,3,1,4,1,6
1073,1073,5,4,1,3,5,8
1074,1074,4,1,4,1,4,1
1075,1075,1,1,1,2,3,15
1076,1076,4,5,5,1,3,6
1077,1077,1,3,4,2,4,9
1078,1078,2,2,5,3,2,13
1079,1079,3,5,5,5,1,2
1080,1080,2,2,5,1,2,16
1081,1081,1,3,3,4,5,10
1082,1082,4,2,3,3,2,13
1083,1083,1,5,2,4,5,16
1084,1084,5,3,2,2,3,10
1085,1085,3,1,1,4,3,5
1086,1086,4,2,5,2,5,6
1087,1087,3,3,1,5,4,1
1088,1088,4,1,2,4,1,2
1089,1089,1,1,3,1,5,15
1090,1090,5,4,2,3,5,6
1091,1091,1,3,3,1,1,7
1092,1092,4,2,2,2,4,4
1093,1093,1,3,2,2,4,12
1094,1094,5,2,2,4,3,7
1095,1095,1,4,3,5,2,8
1096,1096,2,3,2,5,4,1
1097,1097,5,1,1,2,1,12
1098,1098,3,2,2,2,5,3
1099,1099,1,4,4,5,5,14
1100,1100,4,3,4,3,5,9
1101,1101,4,3,2,2,4,7
1102,1102,2,4,1,4,4,1
1103,1103,5,5,2,4,2,13
1104,1104,4,2,5,5,2,16
1105,1105,3,1,3,5,1,16
1106,1106,1,5,4,3,5,11
1107,1107,4,2,4,2,1,2
1108,1108,1,2,3,5,2,7
1109,1109,1,4,2,4,2,12
1110,1110,3,4,5,2,3,13
1111,1111,4,4,5,5,5,7
1112,1112,1,3,5,4,5,16
1113,1113,3,4,3,5,2,16
1114,1114,4,3,2,1,4,1
1115,1115,5,2,4,2,2,10
1116,1116,1,2,2,2,4,12
1117,1117,4,5,3,4,2,1
1118,1118,5,2,4,3,1,3
1119,1119,3,1,1,4,2,13
1120,1120,1,4,5,2,5,16
1121,1121,3,3,2,1,2,7
1122,1122,1,2,2,4,4,5
1123,1123,5,5,1,5,5,10
1124,1124,5,3,5,2,1,2
1125,1125,5,5,3,1,1,2
1126,1126,2,1,4,1,2,6
1127,1127,3,4,4,5,1,8
1128,1128,4,1,3,2,3,7
1129,1129,5,4,1,5,5,1
1130,1130,5,3,4,1,4,1
1131,1131,2,3,5,5,2,9
1132,1132,3,2,4,1,1,13
1133,1133,5,3,5,3,3,7
1134,1134,4,2,1,5,5,13
1135,1135,5,3,2,3,5,11
1136,1136,4,3,3,1,1,14
1137,1137,5,4,2,2,5,6
1138,1138,3,5,1,3,1,10
1139,1139,3,1,5,2,4,10
1140,1140,3,5,3,1,4,7
1141,1141,2,3,3,4,3,12
1142,1142,1,2,5,3,2,4
1143,1143,3,1,5,5,5,5
1144,1144,1,1,3,5,3,8
1145,1145,3,2,4,3,3,15
1146,1146,5,3,3,2,3,13
1147,1147,4,4,4,2,3,5
1148,1148,3,5,4,2,5,6
1149,1149,4,1,4,4,2,1
1150,1150,1,3,3,1,4,2
1151,1151,2,3,2,4,3,7
1152,1152,2,1,2,3,5,4
1153,1153,3,5,5,5,3,9
1154,1154,2,5,3,3,4,14
1155,1155,3,5,2,5,2,16
1156,1156,2,4,5,4,4,16
1157,1157,4,5,5,3,4,7
1158,1158,3,3,4,2,2,14
1159,1159,3,4,1,4,4,14
1160,1160,1,5,5,5,1,7
1161,1161,5,5,5,4,1,9
1162,1162,5,2,5,4,5,6
1163,1163,2,3,2,5,2,6
1164,1164,4,2,5,4,3,7
1165,1165,5,4,1,5,2,14
1166,1166,1,1,3,2,2,9
1167,1167,1,4,4,5,1,3
1168,1168,2,3,3,4,3,8
1169,1169,5,2,1,1,4,8
1170,1170,5,3,5,5,1,7
1171,1171,1,1,4,2,1,14
1172,1172,3,4,4,3,3,2
1173,1173,1,3,5,2,4,14
1174,1174,4,1,2,4,3,11
1175,1175,3,4,1,3,2,13
1176,1176,4,2,3,1,4,2
1177,1177,5,4,2,2,4,15
1178,1178,3,5,1,2,4,11
1179,1179,4,4,3,2,5,3
1180,1180,4,3,2,1,5,3
1181,1181,2,2,3,1,5,8
1182,1182,2,5,4,5,5,5
1183,1183,2,1,5,5,4,9
1184,1184,3,4,4,2,5,6
1185,1185,2,5,5,2,4,5
1186,1186,1,5,4,3,3,6
1187,1187,2,4,1,4,4,4
1188,1188,2,3,3,1,2,15
1189,1189,5,4,4,1,4,1
1190,1190,4,4,2,5,5,4
1191,1191,4,4,5,4,5,1
1192,1192,5,4,5,5,2,14
1193,1193,5,2,3,4,4,15
1194,1194,4,5,5,4,1,13
1195,1195,4,5,5,2,1,9
1196,1196,1,3,3,3,2,2
1197,1197,4,4,4,3,1,7
1198,1198,5,3,1,3,5,10
1199,1199,5,1,2,1,1,4
1200,1200,1,1,5,1,4,1
1201,1201,3,1,4,3,1,9
1202,1202,2,4,3,5,1,13
1203,1203,1,1,2,1,3,9
1204,1204,4,1,4,2,1,15
1205,1205,3,2,5,5,5,6
1206,1206,3,2,3,3,2,7
1207,1207,1,4,1,3,2,9
1208,1208,2,2,1,4,5,14
1209,1209,1,5,5,1,1,10
1210,1210,4,4,3,2,3,2
1211,1211,2,1,3,5,2,15
1212,1212,5,1,3,5,2,13
1213,1213,1,3,5,3,1,7
1214,1214,4,5,4,5,5,4
1215,1215,2,3,4,3,5,10
1216,1216,1,2,1,2,5,2
1217,1217,5,3,3,2,3,16
1218,1218,4,3,4,4,4,13
1219,1219,2,4,3,4,3,5
1220,1220,2,2,4,5,1,16
1221,1221,3,2,4,4,2,11
1222,1222,5,1,1,2,1,13
1223,1223,5,4,4,3,4,2
1224,1224,1,1,1,2,1,3
1225,1225,5,4,3,3,5,1
1226,1226,2,5,3,1,4,5
1227,1227,5,5,3,1,5,9
1228,1228,1,3,1,1,4,12
1229,1229,5,1,2,3,3,10
1230,1230,5,1,1,3,1,14
1231,1231,3,5,2,4,2,11
1232,1232,1,5,5,1,2,13
1233,1233,1,1,4,3,1,1
1234,1234,1,1,3,2,3,9
1235,1235,5,4,2,1,5,9
1236,1236,3,5,5,4,4,11
1237,1237,5,3,1,5,1,11
1238,1238,3,4,1,4,2,8
1239,1239,3,1,3,5,2,16
1240,1240,2,3,2,5,3,3
1241,1241,4,4,2,2,5,12
1242,1242,3,2,5,3,4,14
1243,1243,3,5,4,1,2,14
1244,1244,1,2,5,1,2,9
1245,1245,3,1,2,2,4,4
1246,1246,5,1,2,4,4,7
1247,1247,2,1,4,3,2,7
1248,1248,1,4,1,2,4,9
1249,1249,4,1,2,5,2,3
1250,1250,1,1,1,5,2,10
1251,1251,2,2,5,3,5,8
1252,1252,5,1,5,1,3,16
1253,1253,5,2,5,1,3,16
1254,1254,1,2,5,2,1,9
1255,1255,1,4,1,2,3,16
1256,1256,2,4,4,4,1,11
1257,1257,3,4,3,2,5,5
1258,1258,3,5,4,3,4,4
1259,1259,2,2,3,2,5,4
1260,1260,1,2,3,2,5,1
1261,1261,5,1,4,1,1,13
1262,1262,4,4,1,4,5,4
1263,1263,3,4,5,3,4,9
1264,1264,4,3,1,3,4,13
1265,1265,1,3,4,3,2,15
1266,1266,1,5,5,4,3,8
1267,1267,1,4,4,1,4,14
1268,1268,5,2,3,5,5,7
1269,1269,4,3,2,5,2,11
1270,1270,3,1,1,4,2,16
1271,1271,4,2,5,1,1,6
1272,1272,1,4,3,5,3,1
1273,1273,3,2,2,1,1,15
1274,1274,4,5,5,4,3,1
1275,1275,2,3,1,5,4,4
1276,1276,1,1,1,2,1,3
1277,1277,5,1,5,4,2,8
1278,1278,3,5,1,4,2,1
1279,1279,3,4,1,5,4,2
1280,1280,5,4,1,1,2,13
1281,1281,2,3,3,1,3,15
1282,1282,4,3,4,3,2,2
1283,1283,5,2,1,1,1,11
1284,1284,2,2,1,1,5,10
1285,1285,1,2,2,5,3,6
1286,1286,1,1,4,5,4,5
1287,1287,3,3,3,2,1,1
1288,1288,5,1,4,1,3,7
1289,1289,5,1,1,3,4,3
1290,1290,1,3,3,2,3,11
1291,1291,4,2,1,3,3,16
1292,1292,2,4,5,5,3,6
1293,1293,3,4,4,1,3,13
1294,1294,4,1,2,5,3,7
1295,1295,3,1,3,5,2,8
1296,1296,5,4,5,5,1,3
1297,1297,2,1,3,2,5,8
1298,1298,1,1,5,4,1,1
1299,1299,4,5,4,5,5,6
1300,1300,4,5,3,2,1,5
1301,1301,4,5,2,1,2,15
1302,1302,1,5,4,1,5,1
1303,1303,2,1,2,5,4,11
1304,1304,3,3,4,1,2,11
1305,1305,3,5,3,3,1,10
1306,1306,2,1,5,1,1,13
1307,1307,3,2,1,3,3,16
1308,1308,5,3,3,2,1,13
1309,1309,4,2,5,1,5,15
1310,1310,4,5,3,4,3,10
1311,1311,1,3,1,2,2,3
1312,1312,2,5,4,1,4,5
1313,1313,1,3,5,5,5,8
1314,1314,4,3,4,1,2,14
1315,1315,5,5,4,3,5,16
1316,1316,4,5,2,5,5,7
1317,1317,1,2,5,3,2,13
1318,1318,4,3,1,2,2,8
1319,1319,1,3,2,5,3,5
1320,1320,4,2,2,2,1,6
1321,1321,5,4,1,3,1,14
1322,1322,2,1,1,4,4,4
1323,1323,4,4,3,4,1,4
1324,1324,2,5,4,5,1,13
1325,1325,4,1,2,2,4,1
1326,1326,3,5,5,2,4,7
1327,1327,5,1,5,2,2,7
1328,1328,3,2,2,3,5,10
1329,1329,2,3,5,1,3,3
1330,1330,2,1,4,4,1,9
1331,1331,1,5,2,1,4,8
1332,1332,3,4,4,1,1,13
1333,1333,2,1,1,1,3,14
1334,1334,1,5,2,5,5,11
1335,1335,5,2,3,3,4,8
1336,1336,3,4,4,5,1,10
1337,1337,3,4,4,4,5,14
1338,1338,5,3,3,2,5,10
1339,1339,5,2,2,1,3,2
1340,1340,1,4,4,2,5,15
1341,1341,4,3,4,4,5,13
1342,1342,1,1,4,5,5,15
1343,1343,3,5,5,4,1,11
1344,1344,3,3,5,4,3,14
1345,1345,1,1,4,4,5,6
1346,1346,5,5,4,3,5,13
1347,1347,3,1,3,1,5,14
1348,1348,5,1,1,4,5,15
1349,1349,1,5,3,5,2,7
1350,1350,4,1,1,2,2,11
1351,1351,2,5,2,4,2,2
1352,1352,5,5,4,4,4,11
1353,1353,4,3,5,2,3,14
1354,1354,4,2,1,1,4,14
1355,1355,3,5,3,3,5,12
1356,1356,5,4,3,5,5,4
1357,1357,2,1,3,5,3,4
1358,1358,5,5,5,4,3,16
1359,1359,5,5,3,5,4,1
1360,1360,4,2,1,1,5,10
1361,1361,5,5,3,3,1,9
1362,1362,4,3,4,4,3,6
1363,1363,5,5,1,5,2,13
1364,1364,5,2,5,1,3,13
1365,1365,4,5,3,2,1,8
1366,1366,3,4,1,4,2,2
1367,1367,3,3,1,2,1,2
1368,1368,3,2,2,5,3,14
1369,1369,5,4,1,5,4,4
1370,1370,2,4,1,1,1,7
1371,1371,4,1,1,5,2,8
1372,1372,4,4,5,2,3,9
1373,1373,5,2,3,4,2,16
1374,1374,2,5,3,1,5,16
1375,1375,1,1,4,4,4,13
1376,1376,1,2,4,1,1,4
1377,1377,4,4,1,3,2,12
1378,1378,3,1,4,5,1,10
1379,1379,5,5,2,3,3,15
1380,1380,5,2,5,5,5,1
1381,1381,2,4,1,3,5,16
1382,1382,5,5,4,1,5,14
1383,1383,4,4,3,3,4,7
1384,1384,2,5,1,2,3,13
1385,1385,5,1,5,2,5,12
1386,1386,1,2,4,3,3,6
1387,1387,5,4,2,2,5,10
1388,1388,5,3,5,1,2,5
1389,1389,3,3,1,4,5,10
1390,1390,1,4,1,1,3,5
1391,1391,2,2,1,2,2,4
1392,1392,4,2,4,5,2,12
1393,1393,3,3,3,5,2,12
1394,1394,1,1,5,4,1,6
1395,1395,2,4,3,4,1,14
1396,1396,1,3,2,2,4,2
1397,1397,2,1,4,1,3,16
1398,1398,4,3,3,1,2,2
1399,1399,4,5,3,3,5,14
1400,1400,1,4,3,4,4,12
1401,1401,3,3,3,4,3,7
1402,1402,1,4,5,3,5,7
1403,1403,1,4,2,4,3,10
1404,1404,1,2,3,1,1,16
1405,1405,1,2,3,4,1,8
1406,1406,2,4,3,1,1,12
1407,1407,5,5,1,5,5,9
1408,1408,5,5,1,1,5,9
1409,1409,4,3,2,3,4,13
1410,1410,4,3,2,4,4,16
1411,1411,5,4,3,3,2,7
1412,1412,2,5,1,3,5,16
1413,1413,3,1,1,4,4,3
1414,1414,5,2,1,5,1,7
1415,1415,2,5,4,3,1,9
1416,1416,4,2,5,3,1,8
1417,1417,5,4,5,1,1,13
1418,1418,2,2,5,4,2,5
1419,1419,4,1,2,5,5,13
1420,1420,3,5,2,2,5,8
1421,1421,1,4,4,5,4,8
1422,1422,2,2,2,4,1,8
1423,1423,5,3,5,1,4,3
1424,1424,3,1,1,2,2,1
1425,1425,1,3,4,5,5,3
1426,1426,4,2,5,3,2,8
1427,1427,2,5,3,1,5,9
1428,1428,2,2,2,2,3,9
1429,1429,4,3,5,5,4,3
1430,1430,5,4,1,3,5,7
1431,1431,3,3,5,4,1,11
1432,1432,2,2,2,4,1,8
1433,1433,5,5,1,4,4,1
1434,1434,1,4,4,1,1,13
1435,1435,2,3,3,2,4,15
1436,1436,2,4,4,2,3,4
1437,1437,1,4,1,5,1,16
1438,1438,3,2,5,4,1,3
1439,1439,4,5,2,1,4,12
1440,1440,5,4,3,3,2,9
1441,1441,5,4,5,4,5,6
1442,1442,4,2,2,2,3,1
1443,1443,4,1,5,1,1,16
1444,1444,1,3,5,1,1,7
1445,1445,2,5,1,2,1,1
1446,1446,5,2,5,3,1,7
1447,1447,3,4,5,4,5,1
1448,1448,3,3,1,1,1,4
1449,1449,3,3,3,3,2,7
1450,1450,3,1,4,5,2,2
1451,1451,3,4,2,4,1,5
1452,1452,5,1,4,2,1,9
1453,1453,4,1,5,2,3,10
1454,1454,3,1,1,1,5,11
1455,1455,1,2,5,4,5,12
1456,1456,2,1,3,1,5,9
1457,1457,3,2,4,4,5,6
1458,1458,3,4,5,5,4,15
1459,1459,2,5,4,3,4,11
1460,1460,2,4,3,2,2,11
1461,1461,1,1,4,5,1,2
1462,1462,2,4,3,5,3,5
1463,1463,1,5,1,3,3,14
1464,1464,4,1,2,2,1,2
1465,1465,2,3,1,4,1,8
1466,1466,1,3,5,4,4,12
1467,1467,4,4,1,5,3,4
1468,1468,5,1,5,5,3,10
1469,1469,5,1,1,1,3,13
1470,1470,5,3,4,3,2,14
1471,1471,5,3,2,4,2,3
1472,1472,2,1,3,2,1,11
1473,1473,2,4,2,1,1,12
1474,1474,2,1,1,5,5,15
1475,1475,2,3,4,2,3,7
1476,1476,2,1,1,1,4,15
1477,1477,3,4,3,5,1,7
1478,1478,5,2,5,4,3,9
1479,1479,3,5,1,2,5,10
1480,1480,5,3,5,3,2,8
1481,1481,4,4,2,5,5,7
1482,1482,2,5,2,5,2,15
1483,1483,3,5,2,4,2,4
1484,1484,4,1,1,4,3,4
1485,1485,3,4,1,1,5,7
1486,1486,1,2,3,5,5,13
1487,1487,3,3,4,5,2,11
1488,1488,4,4,3,3,1,5
1489,1489,4,5,3,4,3,6
1490,1490,3,4,2,2,3,3
1491,1491,2,2,1,3,3,4
1492,1492,2,3,5,2,2,8
1493,1493,1,1,3,4,1,5
1494,1494,4,1,4,2,3,13
1495,1495,2,3,3,4,1,6
1496,1496,4,1,4,3,3,2
1497,1497,4,4,2,3,4,12
1498,1498,1,1,5,5,2,3
1499,1499,3,5,4,1,3,13
1500,1500,2,2,2,1,4,5
1501,1501,2,1,1,5,5,5
1502,1502,5,2,1,1,3,16
1503,1503,5,4,1,5,2,5
1504,1504,5,2,1,4,1,4
1505,1505,5,4,5,5,2,15
1506,1506,5,5,2,4,4,8
1507,1507,4,2,2,3,4,3
1508,1508,5,1,2,5,2,15
1509,1509,2,2,3,2,1,11
1510,1510,1,2,2,3,2,5
1511,1511,1,1,3,3,2,8
1512,1512,4,1,4,4,2,5
1513,1513,2,3,5,1,4,15
1514,1514,2,2,1,1,4,13
1515,1515,5,4,5,1,2,15
1516,1516,3,2,5,2,5,1
1517,1517,5,5,2,2,5,15
1518,1518,5,2,2,2,1,12
1519,1519,1,4,5,4,4,13
1520,1520,2,3,5,4,1,3
1521,1521,3,2,1,1,5,9
1522,1522,3,3,4,4,1,1
1523,1523,5,5,2,5,1,1
1524,1524,1,3,1,4,5,5
1525,1525,1,3,3,2,2,13
1526,1526,4,1,1,3,5,2
1527,1527,1,4,1,5,2,10
1528,1528,4,5,1,2,2,9
1529,1529,2,2,1,1,1,1
1530,1530,1,1,2,5,5,2
1531,1531,3,3,3,3,5,13
1532,1532,1,4,4,1,4,6
1533,1533,3,1,5,5,2,1
1534,1534,5,3,2,4,3,16
1535,1535,5,3,3,1,4,16
1536,1536,4,5,5,3,3,3
1537,1537,2,1,3,3,2,12
1538,1538,5,5,2,4,5,3
1539,1539,1,5,2,5,2,13
1540,1540,1,1,4,5,1,4
1541,1541,4,5,4,2,1,8
1542,1542,2,1,1,1,1,3
1543,1543,1,4,3,2,5,10
1544,1544,3,2,1,2,3,14
1545,1545,2,3,3,5,5,3
1546,1546,2,1,5,1,5,16
1547,1547,3,5,4,5,4,2
1548,1548,4,4,4,5,3,15
1549,1549,1,2,4,4,4,8
1550,1550,3,2,5,4,1,9
1551,1551,1,1,1,3,5,12
1552,1552,5,1,2,2,5,16
1553,1553,1,1,3,4,4,3
1554,1554,2,1,3,3,2,12
1555,1555,4,1,2,4,4,8
1556,1556,3,5,3,4,4,14
1557,1557,3,4,2,5,4,4
1558,1558,5,4,1,5,1,7
1559,1559,1,1,3,1,2,12
1560,1560,5,1,1,4,1,5
1561,1561,4,2,2,1,5,16
1562,1562,5,2,4,1,1,15
1563,1563,4,4,5,2,4,7
1564,1564,5,1,1,5,2,4
1565,1565,4,2,3,1,2,11
1566,1566,3,1,3,3,2,11
1567,1567,5,3,3,4,4,12
1568,1568,5,4,1,3,3,6
1569,1569,1,2,1,4,5,6
1570,1570,1,2,5,2,3,3
1571,1571,4,2,5,5,4,6
1572,1572,4,1,1,4,2,8
1573,1573,5,2,5,3,1,5
1574,1574,3,3,4,1,3,16
1575,1575,2,5,3,5,1,1
1576,1576,5,1,1,4,4,1
1577,1577,5,1,3,1,1,8
1578,1578,3,5,5,5,5,1
1579,1579,4,5,1,2,1,10
1580,1580,2,1,4,1,1,4
1581,1581,1,4,1,2,3,9
1582,1582,1,5,5,3,5,13
1583,1583,3,5,5,5,1,14
1584,1584,3,2,2,3,4,16
1585,1585,5,4,4,1,4,1
1586,1586,2,1,5,4,4,8
1587,1587,2,1,1,1,2,5
1588,1588,5,3,2,5,4,12
1589,1589,3,3,3,5,2,14
1590,1590,5,2,3,2,5,1
1591,1591,1,1,3,5,2,15
1592,1592,2,3,4,5,1,14
1593,1593,5,3,3,3,3,1
1594,1594,3,1,3,5,4,2
1595,1595,3,5,2,3,5,16
1596,1596,1,3,5,1,3,11
1597,1597,3,3,4,3,2,12
1598,1598,2,1,5,3,5,12
1599,1599,4,3,5,3,3,6
1600,1600,2,3,2,3,3,4
1601,1601,5,2,4,1,5,3
1602,1602,2,1,2,5,3,1
1603,1603,1,3,1,3,1,13
1604,1604,2,4,1,3,2,5
1605,1605,2,4,4,2,1,16
1606,1606,1,2,1,4,1,14
1607,1607,4,2,3,3,5,9
1608,1608,5,3,2,3,3,8
1609,1609,4,2,2,2,4,15
1610,1610,2,2,2,4,5,9
1611,1611,5,3,4,4,2,11
1612,1612,5,2,5,1,5,15
1613,1613,1,3,4,5,5,1
1614,1614,2,4,1,5,5,12
1615,1615,4,5,1,2,1,14
1616,1616,3,5,1,2,1,15
1617,1617,1,1,1,1,2,12
1618,1618,1,5,5,4,2,6
1619,1619,1,1,4,4,2,3
1620,1620,5,1,2,1,3,11
1621,1621,2,5,1,5,2,6
1622,1622,5,5,4,1,2,1
1623,1623,4,5,5,5,3,8
1624,1624,2,1,4,1,3,15
1625,1625,3,5,2,3,3,13
1626,1626,4,5,1,4,4,10
1627,1627,5,3,2,5,2,13
1628,1628,5,5,4,4,2,7
1629,1629,3,2,3,1,5,7
1630,1630,4,2,4,4,3,2
1631,1631,2,5,5,1,5,15
1632,1632,5,2,3,3,4,11
1633,1633,4,1,2,2,1,3
1634,1634,1,3,2,2,2,5
1635,1635,2,4,5,2,3,14
1636,1636,3,3,1,5,1,15
1637,1637,1,5,3,3,4,16
1638,1638,2,1,2,4,4,3
1639,1639,4,3,1,3,1,1
1640,1640,3,4,5,2,5,12
1641,1641,3,3,4,1,4,6
1642,1642,5,2,3,3,4,1
1643,1643,5,1,5,1,2,12
1644,1644,1,3,2,1,3,11
1645,1645,4,1,4,2,1,2
1646,1646,3,1,2,4,4,15
1647,1647,5,1,5,3,1,16
1648,1648,4,5,5,5,1,8
1649,1649,4,5,2,1,3,1
1650,1650,5,5,2,4,2,5
1651,1651,1,5,1,3,1,5
1652,1652,5,4,2,5,1,3
1653,1653,1,2,1,5,3,13
1654,1654,5,5,4,3,1,7
1655,1655,1,4,3,5,1,7
1656,1656,1,1,1,5,3,12
1657,1657,1,5,3,2,4,12
1658,1658,1,2,1,1,4,2
1659,1659,4,3,5,1,5,15
1660,1660,3,1,3,2,1,8
1661,1661,5,1,5,2,4,15
1662,1662,2,3,4,1,1,16
1663,1663,1,4,3,5,1,2
1664,1664,3,5,1,3,5,3
1665,1665,4,5,4,4,2,13
1666,1666,2,1,3,1,1,13
1667,1667,3,5,5,2,2,7
1668,1668,5,4,1,1,3,15
1669,1669,3,2,1,1,4,14
1670,1670,2,5,5,1,3,15
1671,1671,3,5,2,3,5,2
1672,1672,2,4,3,1,2,5
1673,1673,4,3,2,5,1,3
1674,1674,2,4,1,3,3,1
1675,1675,3,1,2,5,5,12
1676,1676,3,2,5,3,3,15
1677,1677,4,3,4,3,4,10
1678,1678,5,1,4,4,2,1
1679,1679,4,1,5,4,2,6
1680,1680,5,1,4,2,3,11
1681,1681,4,1,5,5,5,13
1682,1682,5,4,5,2,4,6
1683,1683,4,4,4,1,2,14
1684,1684,1,2,4,4,1,4
1685,1685,2,2,2,5,1,15
1686,1686,5,1,5,1,1,1
1687,1687,5,5,5,2,2,16
1688,1688,1,5,2,4,5,8
1689,1689,3,2,4,2,2,2
1690,1690,4,3,2,4,3,9
1691,1691,5,2,3,5,4,6
1692,1692,4,5,5,4,4,8
1693,1693,5,4,1,5,1,1
1694,1694,3,3,4,2,5,4
1695,1695,4,1,3,2,1,12
1696,1696,3,3,3,4,4,8
1697,1697,4,4,4,3,2,1
1698,1698,2,1,4,2,4,6
1699,1699,4,3,3,5,4,9
1700,1700,4,5,4,2,3,13
1701,1701,2,3,2,1,5,12
1702,1702,1,5,5,4,3,7
1703,1703,1,5,2,1,4,7
1704,1704,4,2,3,4,1,15
1705,1705,2,5,5,3,5,4
1706,1706,3,4,3,5,2,13
1707,1707,2,3,4,2,1,7
1708,1708,2,2,2,2,3,1
1709,1709,2,2,3,1,5,10
1710,1710,3,2,2,1,1,6
1711,1711,2,5,1,5,4,4
1712,1712,5,2,2,5,5,15
1713,1713,2,2,4,3,2,4
1714,1714,2,2,2,4,4,11
1715,1715,1,3,1,5,1,16
1716,1716,4,3,2,5,4,5
1717,1717,3,1,5,1,3,7
1718,1718,2,3,3,2,1,13
1719,1719,3,3,2,1,5,6
1720,1720,1,5,2,4,2,3
1721,1721,3,5,2,3,5,6
1722,1722,2,4,3,2,4,13
1723,1723,3,4,4,4,1,9
1724,1724,5,2,3,2,1,14
1725,1725,2,2,2,4,3,10
1726,1726,2,4,1,4,1,11
1727,1727,4,3,3,5,1,14
1728,1728,4,2,5,1,3,15
1729,1729,1,4,5,5,2,15
1730,1730,2,5,2,3,4,10
1731,1731,2,1,5,2,2,4
1732,1732,4,5,4,4,5,14
1733,1733,3,1,2,2,1,4
1734,1734,1,5,2,3,1,12
1735,1735,4,5,3,2,1,15
1736,1736,2,5,4,5,4,10
1737,1737,5,2,3,5,2,9
1738,1738,2,1,4,1,5,11
1739,1739,1,4,5,2,3,7
1740,1740,2,2,4,3,2,13
1741,1741,5,3,3,4,3,6
1742,1742,2,5,2,5,2,4
1743,1743,3,2,4,1,4,5
1744,1744,2,1,5,1,2,3
1745,1745,2,1,1,1,1,8
1746,1746,5,5,3,5,1,3
1747,1747,1,4,3,4,4,14
1748,1748,4,3,3,2,4,11
1749,1749,4,1,4,1,4,13
1750,1750,5,1,4,4,3,9
1751,1751,5,5,2,2,4,1
1752,1752,5,1,1,1,3,3
1753,1753,3,1,2,1,3,6
1754,1754,3,5,3,1,5,13
1755,1755,5,5,1,1,1,5
1756,1756,2,4,2,4,3,7
1757,1757,3,3,4,2,2,15
1758,1758,5,4,2,4,3,4
1759,1759,2,5,3,5,1,5
1760,1760,2,1,5,4,1,4
1761,1761,2,2,3,5,4,11
1762,1762,3,5,5,3,5,15
1763,1763,5,4,4,2,5,1
1764,1764,2,3,1,1,3,8
1765,1765,3,5,2,1,1,1
1766,1766,3,2,2,2,1,10
1767,1767,3,1,5,2,5,14
1768,1768,4,4,5,2,4,9
1769,1769,2,1,1,2,2,12
1770,1770,1,5,1,1,2,15
1771,1771,4,5,5,1,2,10
1772,1772,3,1,3,3,1,9
1773,1773,4,2,3,4,2,7
1774,1774,5,2,4,4,1,13
1775,1775,2,1,3,3,2,13
1776,1776,5,5,4,2,4,14
1777,1777,5,1,4,5,1,5
1778,1778,5,1,1,1,2,12
1779,1779,3,1,2,2,1,9
1780,1780,4,2,5,4,3,16
1781,1781,4,2,4,3,3,5
1782,1782,4,1,2,5,5,7
1783,1783,3,5,5,1,5,3
1784,1784,1,5,1,4,3,6
1785,1785,4,5,5,2,3,13
1786,1786,2,1,4,4,1,2
1787,1787,4,1,1,4,5,1
1788,1788,1,2,5,4,2,16
1789,1789,5,5,3,4,4,3
1790,1790,2,3,3,3,4,7
1791,1791,4,1,5,2,5,11
1792,1792,1,2,4,5,2,13
1793,1793,4,4,2,1,1,2
1794,1794,1,4,3,5,1,5
1795,1795,2,4,3,4,4,1
1796,1796,3,2,1,5,2,10
1797,1797,5,3,5,5,5,11
1798,1798,2,5,5,5,4,12
1799,1799,4,1,2,4,3,7
1800,1800,2,4,5,3,2,3
1801,1801,1,1,2,3,5,12
1802,1802,2,4,5,2,1,6
1803,1803,4,4,3,1,4,1
1804,1804,1,1,2,1,2,10
1805,1805,3,5,1,2,3,13
1806,1806,1,5,5,5,2,10
1807,1807,1,4,2,1,2,6
1808,1808,3,4,2,1,3,3
1809,1809,5,1,3,5,4,2
1810,1810,2,5,3,4,5,13
1811,1811,1,3,2,2,4,7
1812,1812,3,2,3,1,5,13
1813,1813,4,3,1,4,4,7
1814,1814,1,1,3,1,5,4
1815,1815,3,4,2,3,1,1
1816,1816,3,1,2,5,4,16
1817,1817,1,1,5,1,2,2
1818,1818,5,1,2,5,5,7
1819,1819,5,4,1,1,2,7
1820,1820,1,4,1,4,4,9
1821,1821,1,3,1,5,5,5
1822,1822,2,3,1,4,1,12
1823,1823,3,4,3,1,2,13
1824,1824,3,5,2,4,4,7
1825,1825,2,3,2,4,4,9
1826,1826,1,4,4,2,4,14
1827,1827,2,2,3,4,3,6
1828,1828,3,4,4,1,3,3
1829,1829,5,4,2,5,1,10
1830,1830,2,2,5,5,1,12
1831,1831,4,2,5,3,3,15
1832,1832,5,5,3,1,2,6
1833,1833,4,2,3,1,3,13
1834,1834,2,5,3,4,5,11
1835,1835,4,1,1,4,3,5
1836,1836,1,1,1,3,1,12
1837,1837,1,1,1,4,1,16
1838,1838,2,5,4,4,1,14
1839,1839,1,4,2,5,3,11
1840,1840,5,2,1,3,5,14
1841,1841,1,1,4,2,3,13
1842,1842,4,3,4,2,2,8
1843,1843,4,3,4,2,1,12
1844,1844,5,1,3,2,3,2
1845,1845,3,3,4,1,2,1
1846,1846,1,4,5,1,1,11
1847,1847,4,5,2,2,1,2
1848,1848,1,4,2,2,2,1
1849,1849,4,2,2,5,3,14
1850,1850,1,5,5,5,4,13
1851,1851,5,5,3,3,5,13
1852,1852,2,5,4,3,4,4
1853,1853,2,5,3,4,1,15
1854,1854,4,3,3,1,3,12
1855,1855,5,4,5,3,1,10
1856,1856,4,3,2,3,5,9
1857,1857,2,4,1,1,5,16
1858,1858,2,5,1,2,3,2
1859,1859,2,4,3,5,4,13
1860,1860,4,5,2,4,3,11
1861,1861,4,5,5,5,3,10
1862,1862,3,5,4,3,3,6
1863,1863,3,5,2,5,3,12
1864,1864,5,3,3,1,2,10
1865,1865,4,1,1,3,5,6
1866,1866,1,5,4,5,2,3
1867,1867,5,3,2,3,1,16
1868,1868,2,4,3,1,3,4
1869,1869,4,3,4,3,2,16
1870,1870,2,1,4,1,3,3
1871,1871,2,2,4,4,5,8
1872,1872,5,5,5,3,4,15
1873,1873,4,1,5,1,3,14
1874,1874,5,1,2,3,3,10
1875,1875,2,5,2,2,5,10
1876,1876,5,2,4,5,5,11
1877,1877,2,1,3,2,4,1
1878,1878,4,2,5,2,5,7
1879,1879,4,3,3,2,2,3
1880,1880,2,2,2,5,4,15
1881,1881,4,3,1,3,3,10
1882,1882,3,4,2,3,2,11
1883,1883,4,1,4,2,4,13
1884,1884,5,5,4,5,2,2
1885,1885,5,4,4,1,2,16
1886,1886,3,3,1,3,1,15
1887,1887,5,2,1,5,3,12
1888,1888,2,4,5,1,3,7
1889,1889,1,5,4,4,3,2
1890,1890,4,2,1,2,5,8
1891,1891,1,4,1,5,4,16
1892,1892,5,2,3,2,4,16
1893,1893,3,2,1,2,4,5
1894,1894,2,4,1,5,2,7
1895,1895,1,5,5,3,2,5
1896,1896,1,1,5,1,3,1
1897,1897,4,1,5,1,4,10
1898,1898,5,1,1,1,1,2
1899,1899,1,2,2,4,5,12
1900,1900,3,1,1,4,3,1
1901,1901,5,1,4,5,4,3
1902,1902,4,1,3,2,2,13
1903,1903,2,1,3,2,4,16
1904,1904,3,2,1,2,5,7
1905,1905,3,1,4,4,2,3
1906,1906,2,2,5,2,4,12
1907,1907,4,4,4,2,3,3
1908,1908,5,3,4,2,3,9
1909,1909,1,4,5,4,1,12
1910,1910,3,4,3,2,1,4
1911,1911,1,5,5,3,5,12
1912,1912,2,2,5,1,1,6
1913,1913,2,4,3,5,3,1
1914,1914,2,3,4,2,5,11
1915,1915,5,5,3,1,3,12
1916,1916,4,5,4,5,3,1
1917,1917,1,4,3,1,3,5
1918,1918,4,5,2,2,5,2
1919,1919,1,1,1,3,1,6
1920,1920,2,2,5,2,5,12
1921,1921,2,5,4,3,1,14
1922,1922,5,1,1,5,5,15
1923,1923,4,3,1,3,1,2
1924,1924,2,3,5,1,5,11
1925,1925,4,4,5,3,4,11
1926,1926,5,5,1,1,1,14
1927,1927,2,2,2,2,5,16
1928,1928,3,3,1,4,5,16
1929,1929,2,2,4,3,1,4
1930,1930,4,5,1,1,4,11
1931,1931,1,1,4,2,3,10
1932,1932,5,4,5,4,4,3
1933,1933,4,1,2,4,3,7
1934,1934,3,2,4,3,4,15
1935,1935,1,2,5,3,5,1
1936,1936,3,3,2,4,5,9
1937,1937,3,1,1,2,1,7
1938,1938,2,1,5,4,3,3
1939,1939,1,1,2,1,4,14
1940,1940,1,4,4,4,5,12
1941,1941,3,5,2,2,3,4
1942,1942,2,3,1,3,5,5
1943,1943,2,5,4,2,1,4
1944,1944,3,4,5,5,2,11
1945,1945,2,4,2,4,5,8
1946,1946,5,1,3,3,5,10
1947,1947,3,2,3,2,1,16
1948,1948,5,3,2,3,2,16
1949,1949,1,5,5,1,1,14
1950,1950,5,4,4,1,4,12
1951,1951,4,2,3,4,4,9
1952,1952,1,2,5,4,2,2
1953,1953,3,4,3,1,2,3
1954,1954,2,2,3,4,4,3
1955,1955,2,5,3,4,1,5
1956,1956,2,2,2,2,2,5
1957,1957,4,4,1,2,3,4
1958,1958,5,1,3,1,4,4
1959,1959,5,2,4,3,5,8
1960,1960,2,3,2,5,4,3
1961,1961,3,4,2,5,4,11
1962,1962,1,2,5,3,5,5
1963,1963,2,2,2,1,3,1
1964,1964,4,3,4,5,2,13
1965,1965,5,3,4,3,4,2
1966,1966,1,2,4,3,5,7
1967,1967,1,1,4,3,3,15
1968,1968,1,3,4,4,5,13
1969,1969,3,3,3,3,2,14
1970,1970,5,3,5,1,3,15
1971,1971,2,2,2,3,5,6
1972,1972,3,5,3,1,5,15
1973,1973,3,4,2,4,5,9
1974,1974,2,3,1,4,3,14
1975,1975,4,5,4,3,3,3
1976,1976,3,2,5,4,1,13
1977,1977,5,2,1,2,3,14
1978,1978,3,1,5,5,1,11
1979,1979,1,5,3,5,4,8
1980,1980,3,1,4,3,2,10
1981,1981,3,1,1,5,5,5
1982,1982,4,2,2,5,3,2
1983,1983,5,3,2,5,2,15
1984,1984,1,3,1,1,5,9
1985,1985,2,3,2,5,1,7
1986,1986,2,2,4,5,4,8
1987,1987,4,5,1,3,2,5
1988,1988,1,2,4,4,5,16
1989,1989,3,2,1,4,1,7
1990,1990,4,3,5,5,5,13
1991,1991,1,4,1,5,1,5
1992,1992,5,1,1,1,2,10
1993,1993,4,5,2,1,4,16
1994,1994,4,4,4,4,4,14
1995,1995,3,2,5,4,1,5
1996,1996,4,2,1,5,4,11
1997,1997,2,3,1,2,1,11
1998,1998,3,4,2,5,3,8
1999,1999,3,4,5,2,3,12
2000,2000,5,1,4,2,1,7
2001,2001,2,1,2,3,3,15
2002,2002,5,1,2,1,5,11
2003,2003,1,4,5,5,2,9
2004,2004,1,3,5,2,2,8
2005,2005,5,3,2,5,4,1
2006,2006,1,2,1,1,2,6
2007,2007,3,2,3,4,4,14
2008,2008,2,2,3,1,4,4
2009,2009,2,1,4,1,2,5
2010,2010,4,4,2,3,3,11
2011,2011,5,4,5,3,3,3
2012,2012,2,2,1,1,4,1
2013,2013,1,1,2,2,5,16
2014,2014,2,3,3,4,2,15
2015,2015,5,3,5,4,2,8
2016,2016,3,4,4,2,3,12
2017,2017,5,3,5,5,1,15
2018,2018,5,1,1,5,5,11
2019,2019,2,2,1,5,4,1
2020,2020,5,5,2,5,5,16
2021,2021,3,5,1,2,4,7
2022,2022,5,4,2,2,1,13
2023,2023,3,5,4,5,1,12
2024,2024,4,1,1,5,5,13
2025,2025,4,2,4,2,5,9
2026,2026,5,5,4,5,4,3
2027,2027,2,3,5,3,4,6
2028,2028,2,4,4,4,1,10
2029,2029,4,3,4,1,3,16
2030,2030,5,5,2,5,2,15
2031,2031,4,1,2,3,3,8
2032,2032,4,5,3,4,4,5
2033,2033,5,4,5,4,3,15
2034,2034,2,3,2,2,4,7
2035,2035,3,3,2,5,4,9
2036,2036,5,3,3,4,3,8
2037,2037,4,5,3,2,3,16
2038,2038,3,5,5,4,5,16
2039,2039,3,3,3,5,4,10
2040,2040,2,3,5,3,3,14
2041,2041,2,1,2,2,5,8
2042,2042,1,4,5,1,5,5
2043,2043,5,4,4,1,4,8
2044,2044,2,5,3,4,5,13
2045,2045,5,2,4,3,2,2
2046,2046,1,4,3,4,4,3
2047,2047,4,3,4,3,2,8
2048,2048,3,2,2,2,2,10
2049,2049,3,4,5,1,3,16
2050,2050,4,3,2,3,5,3
2051,2051,1,3,5,4,2,4
2052,2052,3,4,1,2,3,7
2053,2053,5,2,3,4,5,15
2054,2054,1,3,2,4,2,2
2055,2055,3,1,3,3,5,5
2056,2056,2,3,3,5,2,2
2057,2057,2,3,3,3,2,3
2058,2058,3,1,3,2,5,8
2059,2059,2,4,3,5,1,16
2060,2060,1,1,5,5,5,5
2061,2061,1,5,3,2,4,11
2062,2062,3,4,3,3,5,10
2063,2063,2,3,2,3,4,15
2064,2064,3,4,4,1,5,1
2065,2065,2,1,2,1,3,10
2066,2066,2,4,4,4,2,7
2067,2067,3,2,2,1,5,2
2068,2068,1,5,4,5,3,8
2069,2069,4,2,3,5,1,14
2070,2070,4,2,4,5,1,2
2071,2071,5,2,3,3,2,8
2072,2072,3,2,3,1,2,13
2073,2073,1,4,2,5,1,3
2074,2074,5,5,3,1,5,2
2075,2075,1,2,3,3,5,9
2076,2076,3,3,2,2,2,8
2077,2077,2,4,1,5,3,7
2078,2078,2,3,1,3,3,2
2079,2079,5,3,5,3,3,9
2080,2080,1,1,5,5,2,6
2081,2081,4,3,2,1,5,12
2082,2082,2,1,3,5,5,5
2083,2083,5,5,3,1,3,3
2084,2084,1,5,2,4,3,8
2085,2085,3,2,3,2,2,2
2086,2086,2,3,2,3,5,16
2087,2087,2,4,4,5,5,12
2088,2088,3,1,5,4,1,1
2089,2089,4,2,3,3,2,7
2090,2090,4,3,1,5,1,5
2091,2091,3,3,2,5,1,13
2092,2092,5,1,3,4,5,12
2093,2093,3,1,2,2,2,6
2094,2094,1,5,4,2,1,1
2095,2095,5,4,4,3,3,15
2096,2096,2,2,5,3,3,13
2097,2097,4,1,2,2,3,4
2098,2098,1,4,3,5,4,10
2099,2099,4,1,2,3,1,7
2100,2100,4,3,1,1,2,14
2101,2101,3,4,2,3,3,1
2102,2102,3,2,3,2,5,10
2103,2103,1,5,5,3,4,5
2104,2104,2,1,5,4,4,4
2105,2105,3,2,5,2,3,2
2106,2106,4,4,4,3,1,8
2107,2107,4,2,5,2,5,7
2108,2108,3,3,5,4,3,9
2109,2109,5,3,5,2,2,2
2110,2110,3,4,3,3,5,16
2111,2111,4,2,1,2,4,4
2112,2112,1,4,2,4,4,9
2113,2113,4,2,5,2,3,8
2114,2114,5,3,1,1,1,5
2115,2115,1,4,1,4,1,6
2116,2116,1,5,2,2,5,4
2117,2117,4,4,4,5,1,6
2118,2118,4,5,4,1,5,12
2119,2119,4,4,3,3,3,15
2120,2120,1,2,4,2,4,16
2121,2121,3,2,4,3,2,16
2122,2122,5,3,1,2,2,5
2123,2123,5,5,3,2,1,14
2124,2124,5,1,1,5,4,5
2125,2125,3,2,2,4,5,8
2126,2126,5,3,3,5,5,15
2127,2127,4,5,1,3,2,4
2128,2128,3,3,2,1,4,16
2129,2129,2,4,4,1,3,7
2130,2130,5,3,2,5,2,6
2131,2131,4,4,4,2,1,6
2132,2132,3,3,3,4,3,8
2133,2133,1,2,5,1,2,5
2134,2134,3,1,2,3,1,16
2135,2135,4,3,2,3,3,14
2136,2136,1,5,2,2,3,14
2137,2137,3,3,2,5,4,16
2138,2138,5,5,3,1,1,11
2139,2139,5,5,5,4,5,10
2140,2140,5,3,1,2,2,2
2141,2141,1,3,3,5,1,10
2142,2142,3,2,3,2,4,12
2143,2143,2,4,2,4,3,7
2144,2144,4,5,5,2,1,8
2145,2145,1,3,3,2,2,12
2146,2146,2,4,3,1,3,13
2147,2147,2,2,1,4,2,5
2148,2148,2,1,2,1,1,1
2149,2149,4,2,3,1,3,11
2150,2150,5,4,5,4,3,5
2151,2151,2,3,2,5,1,8
2152,2152,4,2,2,4,1,5
2153,2153,1,3,2,3,4,14
2154,2154,4,3,5,2,3,9
2155,2155,5,4,1,3,5,2
2156,2156,2,1,3,4,5,1
2157,2157,3,4,1,4,3,14
2158,2158,5,3,4,1,5,6
2159,2159,3,3,3,2,1,12
2160,2160,3,4,1,5,1,10
2161,2161,5,5,5,5,5,3
2162,2162,3,2,5,4,1,7
2163,2163,4,3,5,5,3,5
2164,2164,5,2,2,5,2,4
2165,2165,3,2,4,2,3,4
2166,2166,4,2,5,3,3,5
2167,2167,5,3,1,4,2,9
2168,2168,3,3,4,4,4,3
2169,2169,2,5,1,4,2,4
2170,2170,2,2,1,1,1,1
2171,2171,4,3,2,1,4,8
2172,2172,2,4,1,2,3,1
2173,2173,5,5,5,2,5,12
2174,2174,4,5,1,1,1,7
2175,2175,5,5,1,2,1,3
2176,2176,3,2,3,1,2,11
2177,2177,3,3,4,1,3,1
2178,2178,5,2,1,2,2,9
2179,2179,1,4,2,5,3,8
2180,2180,5,5,4,5,4,11
2181,2181,1,2,5,3,1,5
2182,2182,5,2,3,1,3,7
2183,2183,1,5,5,2,1,7
2184,2184,5,5,1,5,5,14
2185,2185,5,1,4,5,2,7
2186,2186,4,2,3,5,5,9
2187,2187,4,1,4,4,5,6
2188,2188,2,5,4,4,3,11
2189,2189,3,3,2,3,5,13
2190,2190,4,3,4,2,4,7
2191,2191,4,2,2,1,3,14
2192,2192,5,2,1,2,2,9
2193,2193,1,2,2,5,2,13
2194,2194,1,1,4,4,4,14
2195,2195,3,4,1,4,4,8
2196,2196,4,4,3,3,3,10
2197,2197,4,3,1,1,2,5
2198,2198,2,4,1,1,3,1
2199,2199,4,2,4,4,1,3
2200,2200,2,3,4,3,5,11
2201,2201,5,3,1,4,1,4
2202,2202,3,2,4,2,2,3
2203,2203,2,2,1,2,2,15
2204,2204,4,2,3,4,2,7
2205,2205,3,4,1,1,3,3
2206,2206,4,3,5,2,4,16
2207,2207,4,2,2,1,4,16
2208,2208,4,1,1,2,1,10
2209,2209,3,4,5,4,3,3
2210,2210,5,5,4,5,4,16
2211,2211,5,2,1,3,2,5
2212,2212,1,2,4,5,4,10
2213,2213,1,2,2,5,5,7
2214,2214,2,4,1,3,4,12
2215,2215,3,5,1,5,4,2
2216,2216,3,2,1,5,1,11
2217,2217,5,5,2,5,4,3
2218,2218,5,1,4,2,5,4
2219,2219,1,2,3,2,1,16
2220,2220,4,5,5,4,2,10
2221,2221,1,2,2,2,5,3
2222,2222,3,1,2,2,4,2
2223,2223,2,1,3,2,1,12
2224,2224,5,3,4,5,1,13
2225,2225,3,4,3,3,2,15
2226,2226,1,3,5,3,1,10
2227,2227,5,5,2,4,5,9
2228,2228,3,4,4,1,5,15
2229,2229,5,3,3,1,2,6
2230,2230,1,5,1,2,3,11
2231,2231,2,3,4,2,1,3
2232,2232,5,2,3,5,5,11
2233,2233,3,2,1,4,4,12
2234,2234,1,2,2,4,3,7
2235,2235,3,3,4,2,3,6
2236,2236,4,4,4,5,5,2
2237,2237,2,3,3,5,1,15
2238,2238,1,1,3,1,1,4
2239,2239,3,1,5,4,2,5
2240,2240,2,5,3,3,5,7
2241,2241,2,2,2,2,3,13
2242,2242,2,1,4,4,3,9
2243,2243,3,2,5,5,4,7
2244,2244,3,2,4,3,1,16
2245,2245,3,2,4,5,3,10
2246,2246,4,5,1,1,3,4
2247,2247,3,5,4,3,5,7
2248,2248,5,4,1,4,3,7
2249,2249,2,4,4,4,2,7
2250,2250,2,2,2,4,1,7
2251,2251,5,1,5,4,2,10
2252,2252,5,4,4,5,4,4
2253,2253,4,3,5,1,5,16
2254,2254,4,4,5,3,1,1
2255,2255,1,2,5,5,2,11
2256,2256,5,5,1,4,2,16
2257,2257,4,4,4,5,1,15
2258,2258,5,2,3,3,4,10
2259,2259,3,2,2,3,2,16
2260,2260,2,3,3,5,3,6
2261,2261,2,4,4,4,5,11
2262,2262,2,5,1,3,3,3
2263,2263,1,4,5,2,4,13
2264,2264,4,1,3,2,1,16
2265,2265,1,2,4,1,1,8
2266,2266,4,1,1,2,4,3
2267,2267,4,4,3,5,2,7
2268,2268,1,3,1,4,2,10
2269,2269,4,2,5,5,4,12
2270,2270,2,1,5,4,1,15
2271,2271,2,3,5,5,2,6
2272,2272,5,4,3,2,1,8
2273,2273,1,3,3,3,2,3
2274,2274,4,1,2,2,5,12
2275,2275,3,5,5,2,4,11
2276,2276,2,3,4,1,4,14
2277,2277,1,3,4,3,4,12
2278,2278,4,2,1,4,1,7
2279,2279,1,1,2,3,2,2
2280,2280,4,5,3,2,2,11
2281,2281,5,1,4,2,3,16
2282,2282,1,2,4,2,5,14
2283,2283,3,2,1,5,4,5
2284,2284,1,3,4,4,1,2
2285,2285,4,5,3,3,5,13
2286,2286,5,3,4,2,1,4
2287,2287,1,5,2,2,3,12
2288,2288,3,3,3,2,5,13
2289,2289,2,2,3,5,4,15
2290,2290,5,1,2,4,2,10
2291,2291,3,5,4,2,4,9
2292,2292,5,2,5,3,5,12
2293,2293,5,1,1,1,1,1
2294,2294,2,4,1,5,3,6
2295,2295,1,1,5,5,3,3
2296,2296,5,5,4,4,3,1
2297,2297,5,3,5,5,3,7
2298,2298,4,4,2,4,5,9
2299,2299,4,2,2,4,5,7
2300,2300,3,1,2,2,1,8
2301,2301,5,1,3,4,5,15
2302,2302,4,5,5,1,1,1
2303,2303,4,2,5,4,1,15
2304,2304,4,4,1,1,3,13
2305,2305,3,4,1,4,3,14
2306,2306,4,3,2,2,5,4
2307,2307,1,1,2,5,3,8
2308,2308,2,3,1,4,5,9
2309,2309,5,3,1,4,4,13
2310,2310,5,1,1,5,5,5
2311,2311,3,4,1,2,3,6
2312,2312,2,5,3,3,1,8
2313,2313,3,2,5,1,5,10
2314,2314,2,5,3,3,2,11
2315,2315,4,3,2,5,4,14
2316,2316,1,4,5,3,2,16
2317,2317,4,4,1,1,1,9
2318,2318,2,5,2,4,3,6
2319,2319,3,3,4,3,3,10
2320,2320,3,5,5,2,5,10
2321,2321,4,4,3,5,2,15
2322,2322,2,5,1,4,1,3
2323,2323,4,5,4,1,2,2
2324,2324,4,5,4,2,4,16
2325,2325,1,5,5,4,3,9
2326,2326,2,4,5,5,5,10
2327,2327,1,2,1,4,5,9
2328,2328,4,3,5,4,5,1
2329,2329,3,1,5,4,2,5
2330,2330,1,4,1,3,2,11
2331,2331,1,4,3,2,5,5
2332,2332,3,5,2,4,4,12
2333,2333,3,1,2,2,4,15
2334,2334,2,2,2,1,1,13
2335,2335,4,4,1,5,1,15
2336,2336,2,3,1,2,4,1
2337,2337,4,3,4,1,1,14
2338,2338,1,3,1,5,2,6
2339,2339,2,4,5,1,5,6
2340,2340,4,5,2,2,5,6
2341,2341,3,4,1,2,1,7
2342,2342,5,1,5,4,5,13
2343,2343,3,2,3,1,5,10
2344,2344,5,2,4,5,1,9
2345,2345,1,3,3,4,2,11
2346,2346,3,3,1,5,2,16
2347,2347,2,2,5,3,5,15
2348,2348,1,2,2,5,2,16
2349,2349,2,3,1,4,3,16
2350,2350,3,1,2,4,5,9
2351,2351,3,5,4,2,2,2
2352,2352,4,3,4,2,2,5
2353,2353,1,1,1,3,1,12
2354,2354,1,2,1,4,1,15
2355,2355,2,3,2,1,3,9
2356,2356,1,4,5,3,4,14
2357,2357,3,1,3,5,4,16
2358,2358,4,1,2,3,1,3
2359,2359,2,5,4,3,2,1
2360,2360,1,5,1,1,5,13
2361,2361,1,2,1,2,4,9
2362,2362,3,4,4,3,4,14
2363,2363,3,5,2,1,3,9
2364,2364,3,2,1,3,5,4
2365,2365,4,5,2,3,1,5
2366,2366,3,4,3,1,5,14
2367,2367,2,3,5,5,1,8
2368,2368,4,3,1,2,1,15
2369,2369,4,1,1,3,2,7
2370,2370,1,4,3,1,2,1
2371,2371,4,1,1,1,5,3
2372,2372,2,4,2,5,4,4
2373,2373,5,5,2,4,3,10
2374,2374,5,4,2,2,2,14
2375,2375,1,5,4,4,3,12
2376,2376,1,1,4,3,4,12
2377,2377,1,5,3,4,5,13
2378,2378,2,3,1,1,3,10
2379,2379,5,1,2,4,5,5
2380,2380,1,3,2,3,5,15
2381,2381,2,1,1,2,4,12
2382,2382,4,2,4,2,2,11
2383,2383,4,3,2,4,2,7
2384,2384,5,1,3,3,1,3
2385,2385,1,1,5,4,4,10
2386,2386,3,4,3,3,4,5
2387,2387,4,3,1,5,3,5
2388,2388,3,4,5,4,2,13
2389,2389,1,5,5,3,4,6
2390,2390,5,1,2,1,4,1
2391,2391,4,1,5,3,4,10
2392,2392,2,2,3,3,5,10
2393,2393,4,1,1,5,3,4
2394,2394,4,4,4,3,3,16
2395,2395,4,3,1,5,3,7
2396,2396,5,2,1,2,4,1
2397,2397,4,1,4,3,1,12
2398,2398,1,1,2,3,2,16
2399,2399,5,3,1,2,2,14
2400,2400,1,5,2,5,5,3
2401,2401,3,4,5,2,1,8
2402,2402,3,2,3,2,1,12
2403,2403,2,4,4,1,3,6
2404,2404,4,5,2,1,4,9
2405,2405,4,4,5,3,5,7
2406,2406,4,5,3,1,5,6
2407,2407,3,5,4,4,2,3
2408,2408,1,3,3,3,1,13
2409,2409,3,5,2,2,4,7
2410,2410,2,1,2,3,3,5
2411,2411,1,1,4,1,4,15
2412,2412,3,1,5,4,3,3
2413,2413,3,5,1,4,2,8
2414,2414,3,1,1,5,5,1
2415,2415,5,1,5,5,4,14
2416,2416,2,3,1,2,1,1
2417,2417,3,5,1,2,4,5
2418,2418,1,4,3,5,5,15
2419,2419,5,4,1,1,1,5
2420,2420,1,3,5,2,5,2
2421,2421,2,1,4,2,5,8
2422,2422,3,3,2,3,1,13
2423,2423,5,1,1,5,4,12
2424,2424,2,3,3,4,3,11
2425,2425,1,2,5,3,3,6
2426,2426,1,1,2,4,3,5
2427,2427,4,3,4,5,4,12
2428,2428,4,3,4,3,4,13
2429,2429,4,5,1,2,2,6
2430,2430,4,4,1,2,4,7
2431,2431,2,1,4,5,1,13
2432,2432,3,2,5,4,4,12
2433,2433,2,1,5,3,4,10
2434,2434,3,5,5,3,3,5
2435,2435,1,1,2,3,2,8
2436,2436,5,5,2,3,1,14
2437,2437,1,5,1,4,3,1
2438,2438,3,5,5,3,5,5
2439,2439,3,2,5,3,2,16
2440,2440,2,3,3,4,5,8
2441,2441,4,5,4,2,1,3
2442,2442,5,1,1,5,1,1
2443,2443,3,1,4,4,5,16
2444,2444,1,4,2,5,2,16
2445,2445,5,4,5,4,2,8
2446,2446,2,4,4,2,4,2
2447,2447,5,1,2,5,2,4
2448,2448,2,5,3,1,1,16
2449,2449,2,5,5,1,2,5
2450,2450,1,5,5,5,1,7
2451,2451,4,5,2,1,4,4
2452,2452,2,2,4,3,2,13
2453,2453,3,3,2,3,3,14
2454,2454,3,4,1,2,3,6
2455,2455,5,2,5,4,2,1
2456,2456,4,2,5,5,3,8
2457,2457,4,5,3,4,4,4
2458,2458,5,1,3,5,3,12
2459,2459,5,1,3,1,3,12
2460,2460,3,5,4,4,2,6
2461,2461,3,2,4,1,4,12
2462,2462,3,1,4,5,2,7
2463,2463,2,1,3,4,2,15
2464,2464,2,1,4,4,2,11
2465,2465,3,2,4,4,4,5
2466,2466,3,4,4,1,5,8
2467,2467,2,1,2,5,2,10
2468,2468,3,3,5,5,3,9
2469,2469,1,3,3,1,2,5
2470,2470,3,3,5,1,5,12
2471,2471,1,2,4,3,5,14
2472,2472,3,3,1,2,5,13
2473,2473,1,5,1,5,3,3
2474,2474,5,2,4,4,5,13
2475,2475,4,2,2,4,2,13
2476,2476,2,5,1,1,5,9
2477,2477,4,1,1,4,2,10
2478,2478,1,2,1,1,5,14
2479,2479,4,3,3,1,4,2
2480,2480,5,3,5,4,2,4
2481,2481,3,4,4,1,3,7
2482,2482,3,2,2,3,5,9
2483,2483,2,2,5,5,5,14
2484,2484,4,2,2,2,4,12
2485,2485,1,2,3,3,1,10
2486,2486,5,1,2,1,2,5
2487,2487,1,2,3,4,4,16
2488,2488,4,3,2,5,1,15
2489,2489,2,4,5,2,5,9
2490,2490,5,2,3,2,1,1
2491,2491,5,3,4,5,2,4
2492,2492,5,4,1,2,5,12
2493,2493,5,5,3,5,5,10
2494,2494,5,2,5,3,1,1
2495,2495,3,2,4,5,2,14
2496,2496,4,5,3,2,5,12
2497,2497,1,4,3,2,4,12
2498,2498,1,3,5,4,4,7
2499,2499,1,1,3,5,5,8
2500,2500,1,4,1,1,5,9
2501,2501,4,4,1,1,4,9
2502,2502,2,3,4,5,5,10
2503,2503,1,3,4,5,2,16
2504,2504,2,1,5,4,4,1
2505,2505,2,3,2,2,2,8
2506,2506,3,4,3,3,2,10
2507,2507,1,5,2,3,1,13
2508,2508,4,4,2,5,1,9
2509,2509,1,4,4,4,2,10
2510,2510,4,5,5,5,3,11
2511,2511,3,2,1,2,3,13
2512,2512,2,3,1,4,4,2
2513,2513,4,3,3,5,5,8
2514,2514,5,3,5,2,1,3
2515,2515,5,3,1,1,1,14
2516,2516,5,4,1,1,1,7
2517,2517,5,1,1,5,4,13
2518,2518,2,1,3,2,2,15
2519,2519,3,4,2,4,2,12
2520,2520,4,5,5,3,5,1
2521,2521,3,2,4,4,3,2
2522,2522,2,5,4,4,2,8
2523,2523,3,4,3,2,5,12
2524,2524,5,1,1,3,3,10
2525,2525,1,5,5,2,2,8
2526,2526,3,4,4,3,4,15
2527,2527,3,1,2,2,5,6
2528,2528,4,3,5,3,2,16
2529,2529,2,5,5,1,4,8
2530,2530,3,3,1,3,1,4
2531,2531,2,5,3,2,3,13
2532,2532,1,1,2,4,2,3
2533,2533,2,5,4,5,1,6
2534,2534,2,2,3,3,2,10
2535,2535,5,3,3,5,1,14
2536,2536,4,5,2,2,3,13
2537,2537,5,1,1,1,1,2
2538,2538,1,5,1,1,5,6
2539,2539,3,2,2,1,1,9
2540,2540,1,2,4,1,2,9
2541,2541,4,2,2,3,5,10
2542,2542,1,4,4,3,4,1
2543,2543,2,5,5,2,5,7
2544,2544,4,3,4,4,1,16
2545,2545,1,5,4,5,3,9
2546,2546,4,2,1,3,1,8
2547,2547,2,4,5,1,3,16
2548,2548,2,5,2,3,1,7
2549,2549,5,3,2,1,2,1
2550,2550,3,3,4,3,1,2
2551,2551,1,4,3,1,2,3
2552,2552,2,2,3,1,1,12
2553,2553,4,5,4,3,5,3
2554,2554,3,1,1,4,4,16
2555,2555,4,3,4,2,5,11
2556,2556,2,1,2,5,1,11
2557,2557,4,5,4,4,4,3
2558,2558,5,1,3,3,2,6
2559,2559,3,1,5,1,4,12
2560,2560,3,3,4,2,1,15
2561,2561,3,1,5,2,4,3
2562,2562,4,4,2,2,2,6
2563,2563,3,1,1,3,2,13
2564,2564,2,3,2,4,4,1
2565,2565,1,4,1,3,2,7
2566,2566,5,4,2,2,3,13
2567,2567,4,1,1,2,2,14
2568,2568,2,5,2,3,3,7
2569,2569,1,3,1,5,3,8
2570,2570,3,1,1,5,4,7
2571,2571,3,2,3,4,5,2
2572,2572,2,2,1,2,1,2
2573,2573,2,5,1,4,1,13
2574,2574,2,3,2,1,2,10
2575,2575,1,2,1,2,1,16
2576,2576,4,5,5,5,5,13
2577,2577,3,4,2,1,1,5
2578,2578,5,1,4,1,1,4
2579,2579,2,1,5,2,1,16
2580,2580,3,3,2,1,3,1
2581,2581,3,2,3,5,4,2
2582,2582,4,2,3,3,2,6
2583,2583,4,4,4,4,5,7
2584,2584,3,5,2,5,5,15
2585,2585,3,5,1,3,5,1
2586,2586,4,1,4,4,5,15
2587,2587,2,1,1,4,2,9
2588,2588,3,1,1,5,2,8
2589,2589,2,5,5,4,4,3
2590,2590,5,4,5,3,1,10
2591,2591,4,5,5,1,1,5
2592,2592,5,4,4,5,5,10
2593,2593,5,1,5,2,3,4
2594,2594,1,2,4,3,1,3
2595,2595,4,4,5,3,3,8
2596,2596,1,1,1,3,3,5
2597,2597,4,4,2,5,5,16
2598,2598,3,1,2,5,5,13
2599,2599,3,4,1,3,4,13
2600,2600,3,3,2,2,1,2
2601,2601,1,2,5,4,2,10
2602,2602,3,4,4,4,1,7
2603,2603,2,1,4,5,2,6
2604,2604,4,4,5,3,2,13
2605,2605,1,1,2,5,3,1
2606,2606,2,3,4,1,3,10
2607,2607,3,5,1,2,1,8
2608,2608,5,1,1,3,3,13
2609,2609,3,2,3,3,5,1
2610,2610,5,4,5,3,4,15
2611,2611,3,3,2,3,2,4
2612,2612,2,2,1,5,2,7
2613,2613,2,2,4,2,3,2
2614,2614,4,5,4,1,2,1
2615,2615,4,4,5,2,2,2
2616,2616,3,3,3,2,5,4
2617,2617,4,2,2,4,4,16
2618,2618,4,3,4,2,1,16
2619,2619,4,3,3,4,3,13
2620,2620,5,5,4,3,4,3
2621,2621,1,5,2,5,4,12
2622,2622,2,3,2,1,3,1
2623,2623,5,3,1,2,4,13
2624,2624,1,5,5,1,4,8
2625,2625,2,2,3,2,3,12
2626,2626,1,4,2,4,1,9
2627,2627,3,5,5,1,3,7
2628,2628,5,3,1,2,5,1
2629,2629,1,2,2,4,4,2
2630,2630,3,1,4,3,5,16
2631,2631,2,5,2,4,2,9
2632,2632,2,3,5,4,4,6
2633,2633,1,2,4,4,3,3
2634,2634,2,3,1,5,5,8
2635,2635,3,4,3,1,5,1
2636,2636,1,1,1,1,3,5
2637,2637,1,5,3,5,4,16
2638,2638,5,1,2,1,4,3
2639,2639,4,4,2,4,3,5
2640,2640,4,2,2,5,3,14
2641,2641,1,3,1,2,3,3
2642,2642,4,2,2,3,2,15
2643,2643,5,3,4,5,2,9
2644,2644,1,5,1,2,2,2
2645,2645,1,5,4,5,2,3
2646,2646,3,1,1,1,3,12
2647,2647,3,3,5,5,4,5
2648,2648,5,4,4,2,3,15
2649,2649,1,1,1,4,4,11
2650,2650,4,3,2,2,3,13
2651,2651,3,2,3,2,1,12
2652,2652,1,5,2,1,1,3
2653,2653,3,3,1,1,5,14
2654,2654,4,2,5,2,3,6
2655,2655,4,3,1,1,4,8
2656,2656,5,4,1,4,3,5
2657,2657,1,3,3,1,4,5
2658,2658,3,1,3,3,5,6
2659,2659,1,5,3,1,1,8
2660,2660,4,5,2,1,4,2
2661,2661,1,1,4,3,2,8
2662,2662,4,1,4,4,2,9
2663,2663,3,4,1,2,4,6
2664,2664,5,5,2,4,1,14
2665,2665,4,5,2,3,3,13
2666,2666,2,1,3,4,3,8
2667,2667,3,2,3,4,4,6
2668,2668,5,5,2,2,2,4
2669,2669,1,5,4,3,5,10
2670,2670,4,2,5,2,1,10
2671,2671,1,4,2,3,1,3
2672,2672,5,4,3,2,2,13
2673,2673,3,4,1,4,1,6
2674,2674,3,3,4,5,5,15
2675,2675,1,4,1,5,5,15
2676,2676,4,3,4,3,3,1
2677,2677,3,4,1,4,1,6
2678,2678,3,4,3,5,4,7
2679,2679,4,3,3,2,4,3
2680,2680,3,5,5,5,3,8
2681,2681,2,5,4,3,1,12
2682,2682,2,5,4,3,4,2
2683,2683,4,4,5,4,1,12
2684,2684,1,3,2,4,2,5
2685,2685,2,5,4,1,4,12
2686,2686,3,2,2,1,4,9
2687,2687,5,1,5,4,5,13
2688,2688,5,2,1,1,5,16
2689,2689,2,3,2,5,2,8
2690,2690,2,5,2,4,2,7
2691,2691,1,3,1,2,3,5
2692,2692,4,1,2,1,1,3
2693,2693,2,5,3,3,4,13
2694,2694,4,5,1,5,2,15
2695,2695,2,5,3,2,1,4
2696,2696,3,4,1,4,4,2
2697,2697,4,3,5,2,1,3
2698,2698,1,5,4,3,5,7
2699,2699,1,5,1,1,1,12
2700,2700,2,3,2,5,5,6
2701,2701,1,2,5,3,3,3
2702,2702,3,2,1,3,2,1
2703,2703,2,2,3,3,1,5
2704,2704,1,2,1,2,4,1
2705,2705,4,1,4,2,2,16
2706,2706,2,3,5,5,1,13
2707,2707,2,3,4,3,4,4
2708,2708,3,1,5,3,1,14
2709,2709,3,1,2,4,5,7
2710,2710,5,3,5,2,2,5
2711,2711,3,3,1,4,1,12
2712,2712,2,4,3,3,4,16
2713,2713,1,1,4,5,1,13
2714,2714,3,4,2,2,5,8
2715,2715,5,3,1,4,2,9
2716,2716,3,3,4,2,3,5
2717,2717,3,5,4,1,5,14
2718,2718,3,3,5,2,3,15
2719,2719,4,3,2,5,3,3
2720,2720,2,4,5,2,1,16
2721,2721,3,5,4,1,3,14
2722,2722,3,3,4,5,2,2
2723,2723,2,5,4,4,2,7
2724,2724,1,5,3,1,3,6
2725,2725,2,3,2,4,3,3
2726,2726,5,3,3,5,5,1
2727,2727,3,3,4,2,1,11
2728,2728,1,2,1,5,4,8
2729,2729,1,5,4,2,5,15
2730,2730,3,3,3,5,5,3
2731,2731,2,5,3,1,4,11
2732,2732,4,4,1,4,3,2
2733,2733,5,5,3,4,3,4
2734,2734,1,1,1,3,5,7
2735,2735,4,4,5,2,1,11
2736,2736,1,5,3,3,4,5
2737,2737,1,2,3,4,2,16
2738,2738,4,2,1,4,4,12
2739,2739,2,1,2,5,1,1
2740,2740,3,5,1,4,4,7
2741,2741,1,3,3,4,3,16
2742,2742,2,2,3,1,5,12
2743,2743,2,1,1,5,2,9
2744,2744,5,1,2,5,4,11
2745,2745,2,1,5,2,2,3
2746,2746,1,2,1,4,4,11
2747,2747,4,1,2,3,5,9
2748,2748,3,4,3,1,1,10
2749,2749,5,1,4,4,5,15
2750,2750,5,5,5,1,4,14
2751,2751,3,1,5,2,5,11
2752,2752,5,1,2,3,1,6
2753,2753,5,1,4,3,1,12
2754,2754,1,3,4,4,4,10
2755,2755,2,5,4,3,5,5
2756,2756,2,2,5,3,5,2
2757,2757,1,2,4,5,2,12
2758,2758,5,2,1,2,4,13
2759,2759,2,2,1,2,1,15
2760,2760,1,4,2,4,2,12
2761,2761,5,3,4,2,1,10
2762,2762,1,4,4,5,2,6
2763,2763,3,2,5,1,1,6
2764,2764,1,2,2,3,5,16
2765,2765,3,2,4,1,5,7
2766,2766,2,3,5,2,5,13
2767,2767,4,4,2,4,3,13
2768,2768,5,2,3,1,2,5
2769,2769,5,5,5,3,5,1
2770,2770,4,3,1,5,4,16
2771,2771,5,4,5,4,1,15
2772,2772,1,5,2,1,1,8
2773,2773,3,3,2,4,5,1
2774,2774,1,5,4,4,2,13
2775,2775,2,4,2,3,5,12
2776,2776,4,2,4,2,3,5
2777,2777,5,3,1,1,4,7
2778,2778,5,1,4,1,2,16
2779,2779,2,5,2,3,3,15
2780,2780,2,2,1,2,2,10
2781,2781,5,4,3,2,2,15
2782,2782,2,1,1,1,1,14
2783,2783,1,1,4,3,4,6
2784,2784,3,4,4,4,1,3
2785,2785,5,4,3,1,5,3
2786,2786,3,4,3,4,2,10
2787,2787,1,2,2,2,4,12
2788,2788,5,2,4,5,5,13
2789,2789,5,4,1,1,2,6
2790,2790,3,3,4,4,5,4
2791,2791,1,5,2,4,4,14
2792,2792,5,1,4,1,5,12
2793,2793,4,1,3,3,3,2
2794,2794,4,2,5,1,5,16
2795,2795,4,5,1,1,3,12
2796,2796,5,5,5,1,4,2
2797,2797,3,1,5,2,1,13
2798,2798,4,3,1,4,5,5
2799,2799,4,2,2,5,5,12
2800,2800,4,2,4,5,5,6
2801,2801,3,1,3,5,2,6
2802,2802,2,5,4,4,4,2
2803,2803,2,1,3,1,2,3
2804,2804,1,1,2,1,3,16
2805,2805,1,2,2,3,4,13
2806,2806,2,5,1,3,5,7
2807,2807,4,1,4,3,2,4
2808,2808,5,4,1,1,4,1
2809,2809,2,4,1,3,4,1
2810,2810,4,5,3,3,2,13
2811,2811,3,1,2,1,5,4
2812,2812,3,3,5,4,3,12
2813,2813,1,5,2,4,2,1
2814,2814,4,3,4,2,1,7
2815,2815,5,4,3,3,5,7
2816,2816,1,5,5,5,5,9
2817,2817,2,1,2,2,5,4
2818,2818,3,4,3,5,2,8
2819,2819,5,4,5,4,4,16
2820,2820,2,3,2,2,1,8
2821,2821,3,4,3,4,5,11
2822,2822,3,4,1,1,2,13
2823,2823,3,2,4,1,2,16
2824,2824,2,2,2,1,2,9
2825,2825,5,5,1,2,1,7
2826,2826,5,2,1,3,5,16
2827,2827,4,4,1,1,2,13
2828,2828,5,3,3,2,1,16
2829,2829,4,5,2,2,1,14
2830,2830,2,5,1,4,1,8
2831,2831,5,3,3,2,4,16
2832,2832,4,5,4,2,2,3
2833,2833,1,2,4,3,5,7
2834,2834,5,1,2,1,1,2
2835,2835,5,1,5,3,3,13
2836,2836,2,3,1,4,2,16
2837,2837,1,3,2,4,2,2
2838,2838,5,3,3,5,3,3
2839,2839,3,5,1,5,5,16
2840,2840,1,4,1,3,2,9
2841,2841,4,4,2,5,1,14
2842,2842,5,5,3,1,4,13
2843,2843,1,3,1,4,5,14
2844,2844,3,5,3,4,2,7
2845,2845,5,3,5,3,3,2
2846,2846,5,5,3,3,5,13
2847,2847,1,1,4,2,2,2
2848,2848,2,5,2,3,1,7
2849,2849,2,5,3,3,3,7
2850,2850,3,3,3,5,4,15
2851,2851,3,5,2,1,3,16
2852,2852,1,1,2,1,1,4
2853,2853,2,2,2,3,4,14
2854,2854,2,4,3,1,1,7
2855,2855,1,2,1,3,3,8
2856,2856,2,1,3,5,5,2
2857,2857,1,2,1,4,5,4
2858,2858,4,3,5,2,1,15
2859,2859,2,5,4,4,3,12
2860,2860,1,3,2,3,1,8
2861,2861,4,2,5,4,2,12
2862,2862,4,2,2,4,3,4
2863,2863,2,1,5,5,4,16
2864,2864,5,5,1,3,1,16
2865,2865,4,5,4,2,5,15
2866,2866,4,3,4,5,5,16
2867,2867,4,2,4,1,2,5
2868,2868,1,4,1,5,3,9
2869,2869,2,2,2,4,2,3
2870,2870,4,1,3,4,5,16
2871,2871,3,4,2,2,1,7
2872,2872,3,1,3,4,2,2
2873,2873,1,1,4,2,4,14
2874,2874,5,4,2,2,1,16
2875,2875,3,2,1,4,3,14
2876,2876,3,2,5,5,5,4
2877,2877,4,4,3,5,4,7
2878,2878,1,4,4,4,5,12
2879,2879,2,2,4,1,2,6
2880,2880,5,2,2,3,4,8
2881,2881,1,4,5,3,3,6
2882,2882,4,1,5,5,5,1
2883,2883,5,3,2,5,2,10
2884,2884,4,4,5,5,2,12
2885,2885,5,4,2,5,3,6
2886,2886,1,2,1,3,3,7
2887,2887,3,4,1,2,2,11
2888,2888,1,3,5,3,4,1
2889,2889,3,2,2,2,4,2
2890,2890,1,5,3,2,2,14
2891,2891,4,2,4,1,2,1
2892,2892,5,5,3,4,1,15
2893,2893,5,2,4,2,3,8
2894,2894,5,2,3,2,2,9
2895,2895,4,1,4,4,4,10
2896,2896,2,3,4,5,5,11
2897,2897,5,5,1,2,1,13
2898,2898,5,5,1,3,5,7
2899,2899,5,4,1,1,5,15
2900,2900,3,5,1,2,2,6
2901,2901,5,2,2,4,3,2
2902,2902,2,4,3,5,3,9
2903,2903,2,1,2,5,2,9
2904,2904,3,3,4,2,2,12
2905,2905,1,2,3,3,3,2
2906,2906,3,1,4,1,4,3
2907,2907,2,4,2,2,4,7
2908,2908,2,4,4,1,2,6
2909,2909,2,5,2,4,1,10
2910,2910,5,4,3,3,3,14
2911,2911,2,1,3,1,4,4
2912,2912,2,5,3,3,4,7
2913,2913,5,5,2,2,3,16
2914,2914,4,5,1,5,5,12
2915,2915,2,5,4,3,4,11
2916,2916,2,5,5,2,5,5
2917,2917,5,5,2,4,4,10
2918,2918,4,4,3,5,3,16
2919,2919,5,1,2,1,4,5
2920,2920,5,5,1,3,4,11
2921,2921,1,1,3,5,4,1
2922,2922,1,5,1,5,5,15
2923,2923,5,3,3,1,3,5
2924,2924,2,5,2,5,4,14
2925,2925,1,3,3,2,5,5
2926,2926,2,1,5,5,5,9
2927,2927,3,1,5,4,5,5
2928,2928,1,2,2,5,5,7
2929,2929,4,3,1,3,4,10
2930,2930,4,2,1,3,4,8
2931,2931,4,2,3,5,5,10
2932,2932,4,1,4,3,1,11
2933,2933,5,2,3,2,1,15
2934,2934,3,2,4,2,5,12
2935,2935,4,2,3,2,1,11
2936,2936,2,3,5,4,5,16
2937,2937,2,1,5,3,1,16
2938,2938,2,2,3,3,4,1
2939,2939,2,3,3,4,4,10
2940,2940,5,3,3,2,5,8
2941,2941,4,2,1,3,4,8
2942,2942,4,2,4,3,1,15
2943,2943,2,1,1,2,4,13
2944,2944,2,2,5,5,2,7
2945,2945,3,4,2,4,4,1
2946,2946,4,5,1,5,1,12
2947,2947,3,5,4,1,4,4
2948,2948,3,4,5,5,2,1
2949,2949,3,5,3,5,2,15
2950,2950,1,3,5,5,2,14
2951,2951,1,3,3,1,2,5
2952,2952,3,2,5,2,5,5
2953,2953,5,3,3,4,4,7
2954,2954,4,2,2,3,5,15
2955,2955,1,1,2,3,1,7
2956,2956,4,2,1,5,4,14
2957,2957,3,4,1,2,3,16
2958,2958,1,5,4,1,4,10
2959,2959,5,3,5,1,3,16
2960,2960,1,3,2,3,2,4
2961,2961,4,1,4,3,2,4
2962,2962,4,2,3,1,5,3
2963,2963,2,1,1,5,2,5
2964,2964,1,3,5,1,4,7
2965,2965,4,1,3,3,1,16
2966,2966,5,4,2,1,5,14
2967,2967,3,5,4,3,1,10
2968,2968,4,4,3,5,5,3
2969,2969,1,2,5,2,5,9
2970,2970,4,5,1,4,3,5
2971,2971,4,3,1,4,5,11
2972,2972,3,3,1,5,4,13
2973,2973,2,4,4,2,1,7
2974,2974,1,4,4,2,1,11
2975,2975,4,4,5,5,1,13
2976,2976,3,1,1,2,5,5
2977,2977,3,3,5,4,4,14
2978,2978,4,2,1,2,4,12
2979,2979,2,4,3,2,3,9
2980,2980,5,2,3,2,3,9
2981,2981,4,2,3,3,3,1
2982,2982,2,4,2,3,1,8
2983,2983,5,2,4,4,3,14
2984,2984,1,5,2,2,5,3
2985,2985,2,3,5,2,5,12
2986,2986,4,3,1,4,1,12
2987,2987,1,5,2,4,3,5
2988,2988,2,5,4,5,2,8
2989,2989,2,2,2,1,2,15
2990,2990,4,4,4,2,1,8
2991,2991,5,3,4,1,5,10
2992,2992,1,1,3,2,5,11
2993,2993,2,3,1,4,5,7
2994,2994,1,5,4,3,5,9
2995,2995,4,5,4,2,4,11
2996,2996,5,3,4,1,3,2
2997,2997,2,2,2,3,5,15
2998,2998,4,5,3,2,3,9
2999,2999,3,5,1,5,3,8
